# ************************************************************
# Sequel Pro SQL dump
# Version 3408
#
# http://www.sequelpro.com/
# http://code.google.com/p/sequel-pro/
#
# Host: localhost (MySQL 5.5.9)
# Database: modules
# Generation Time: 2012-02-21 19:31:39 +0000
# ************************************************************


/*!40101 SET @OLD_CHARACTER_SET_CLIENT=@@CHARACTER_SET_CLIENT */;
/*!40101 SET @OLD_CHARACTER_SET_RESULTS=@@CHARACTER_SET_RESULTS */;
/*!40101 SET @OLD_COLLATION_CONNECTION=@@COLLATION_CONNECTION */;
/*!40101 SET NAMES utf8 */;
/*!40014 SET @OLD_FOREIGN_KEY_CHECKS=@@FOREIGN_KEY_CHECKS, FOREIGN_KEY_CHECKS=0 */;
/*!40101 SET @OLD_SQL_MODE=@@SQL_MODE, SQL_MODE='NO_AUTO_VALUE_ON_ZERO' */;
/*!40111 SET @OLD_SQL_NOTES=@@SQL_NOTES, SQL_NOTES=0 */;


# Dump of table 01_department
# ------------------------------------------------------------

DROP TABLE IF EXISTS `01_department`;

CREATE TABLE `01_department` (
  `id` int(11) unsigned NOT NULL AUTO_INCREMENT,
  `departmentName` varchar(255) DEFAULT NULL,
  PRIMARY KEY (`id`)
) ENGINE=InnoDB DEFAULT CHARSET=latin1;

LOCK TABLES `01_department` WRITE;
/*!40000 ALTER TABLE `01_department` DISABLE KEYS */;

INSERT INTO `01_department` (`id`, `departmentName`)
VALUES
	(1,'Lincoln School of Computer Science'),
	(2,'Agricultural and Land-Based Studies'),
	(3,'Lincoln School of Art and Design'),
	(4,'Lincoln Business School');

/*!40000 ALTER TABLE `01_department` ENABLE KEYS */;
UNLOCK TABLES;


# Dump of table 02_staff
# ------------------------------------------------------------

DROP TABLE IF EXISTS `02_staff`;

CREATE TABLE `02_staff` (
  `staffID` int(11) unsigned NOT NULL AUTO_INCREMENT,
  `staffName` varchar(50) DEFAULT NULL,
  `samID` varchar(11) DEFAULT NULL,
  `staffNum` int(6) DEFAULT NULL,
  PRIMARY KEY (`staffID`)
) ENGINE=InnoDB DEFAULT CHARSET=latin1;

LOCK TABLES `02_staff` WRITE;
/*!40000 ALTER TABLE `02_staff` DISABLE KEYS */;

INSERT INTO `02_staff` (`staffID`, `staffName`, `samID`, `staffNum`)
VALUES
	(1,'Kevin Jacques','kjacques',NULL),
	(2,'Mark Doughty','mdoughty',NULL),
	(3,'John Lewak','jlewak',NULL),
	(4,'Grzegorz Cielniak','gcielniak',NULL),
	(5,'David Cobham','dcobham',NULL),
	(6,'John Murray','jomurray',NULL),
	(7,'Nicola Bellotto','nbellotto',NULL),
	(8,'Rose Spilberg','rspilberg',NULL),
	(9,'Tom Duckett','tduckett',NULL),
	(10,'Bashir Al-Diri','baldiri',NULL),
	(12,'Shaun Lawson','slawson',NULL),
	(13,'Mark Swainson','mswainson',NULL),
	(14,'Dr Yunus Khatri','ykhatri',NULL),
	(15,'Prof. Gerrit Meerdink','gmeerdink',NULL),
	(16,'S. Goodger','sgoodger',NULL),
	(17,'D. Stainton','dstainton',NULL),
	(18,'Dr P Lovatt','plovatt',NULL),
	(19,'Prof. T Taylor','ttaylor',NULL),
	(20,'Rose Spilberg','rspilberg',NULL),
	(21,'Amr Ahmed','aamhed',NULL),
	(22,'Annie Richardson','arichardson',NULL),
	(23,'Christopher Twigg','ctwigg',NULL),
	(24,'Timothy Fabian','tfabian',NULL),
	(25,'Philippa Wood','pwood',NULL),
	(26,'Ian Waites','iwaites',NULL),
	(27,'John Stocker','jstocker',NULL),
	(28,'Barrie Tullett','btullett',NULL),
	(29,'Glen Robinson','grobinson',NULL),
	(30,'Siobhan Goggin','sgoggins',NULL);

/*!40000 ALTER TABLE `02_staff` ENABLE KEYS */;
UNLOCK TABLES;


# Dump of table 03_module
# ------------------------------------------------------------

DROP TABLE IF EXISTS `03_module`;

CREATE TABLE `03_module` (
  `code` varchar(10) NOT NULL DEFAULT '',
  `title` varchar(255) DEFAULT '',
  `owningDepartment` int(10) DEFAULT NULL,
  `subject` varchar(255) DEFAULT NULL,
  `creditRating` int(11) DEFAULT NULL,
  `level` varchar(1) DEFAULT NULL,
  `moduleCoordinator` int(5) DEFAULT NULL,
  `moduleSynopsis` longtext,
  `outlineSyllabus` longtext,
  `l_tMethods` longtext,
  `accreditation` longtext,
  `indicativeReading` longtext,
  `marketing` longtext,
  PRIMARY KEY (`code`)
) ENGINE=InnoDB DEFAULT CHARSET=latin1;

LOCK TABLES `03_module` WRITE;
/*!40000 ALTER TABLE `03_module` DISABLE KEYS */;

INSERT INTO `03_module` (`code`, `title`, `owningDepartment`, `subject`, `creditRating`, `level`, `moduleCoordinator`, `moduleSynopsis`, `outlineSyllabus`, `l_tMethods`, `accreditation`, `indicativeReading`, `marketing`)
VALUES
	('AGR1009M','Crop Science',2,'Agriculture',15,'1',16,'This module investigates the principles of crop science which will be further developed in the Crop Husbandry and Crop Production modules. The areas of focus are soils, plants, pests and diseases. The emphasis is on practical techniques some of the work is lab-based. Selected examples of a range of monocotyledons and dicotyledons will be used to illustrate nutritional and physiological aspects of plant growth.','?	Taxonomy and anatomy and an introduction to the physiology of plants;\r?	Soil Science:  including classification, texture, structure, water and nutrient relations;\r?	Plant Nutrition: including the role of major and minor nutrients; their deficiency symptoms and strategies to correct deficiencies;\r?	Plant physiology: including the mechanisms of plant growth; water relations and photosynthesis.\r','Teaching and learning strategy will take the form of lectures, seminars and tutorials. Where appropriate to the learning, guest speakers from industry will be invited to present current topics and solutions to issues.  Some of the work will be laboratory based with students working as individuals or in small groups. ',NULL,'Reading materials relating to this module may be found at:\rwww.agindustries.org.uk\rwww.defra.gov.uk\rwww.pgro.org\rwww.potato.org.uk\rwww.hgca.com\rwww.assuredproduce.co.uk \r\rAlford, D.A., (1999), A Textbook of Agricultural Entomology, Blackwell Science. \rAgrios, GN. (1997) Plant Pathology. 4th edition. Academic Press.\rDavies, B., Finney, B., and Eagle, D.(2001) Resource Management; Soil. Farming Press\rDefra (expected 2010) Fertiliser Recommendations for Agricultural and Horticultural Crops (RB209). The Stationary office\rLanger RHM and Hill GD (1991) Agricultural Plants. 2nd edition. Cambridge University Press.\rRidge I. (2002) Plants. Oxford University Press\rRowell, D.L., (1994), Soil Science: Methods and Applications. Longman Scientific and Technical.\rStern, KR (2000) Introductory Plant Biology. 8th edition. McGraw-Hill\rWilliams, J.B., and Morrison, J.R. (1987) ADAS Colour Atlas of Weed Seedlings. Wolfe Publishing Ltd\r',NULL),
	('AGR1010M','Animal Science',2,'Agriculture',15,'1',17,'This module introduces the student to the fundamental scientific principles of animal science and is designed to develop their knowledge and understanding of the similarities and differences in anatomy and physiology of domesticated livestock. This knowledge will provide a basis for the student to develop their understanding of how the producer may manipulate growth and development of the animal, through nutritional programmes for example, to produce livestock which meets the demands of the market and consumer.','The module syllabus will introduce the student to animal science and develop a detailed understanding of the scientific principles underlying the management of animals in each of the following areas:\r\rGrowth and Development: Definition of growth and development; patterns of growth and development in domesticated livestock and the factors influencing animal growth and carcass characteristics;\rBreeding and genetics: traits of economic importance; breeding schemes; index systems; animal welfare;\rNutrition composition and utilisation of foodstuffs; energy, protein and micronutrient provision in the diet;\rReproduction and hormones; the principles of reproduction in domesticated livestock and role of hormones in the reproductive cycle.\r','Teaching methods and learning strategy will include: lectures, seminars, laboratory practicals, tutorials, group and individual study, and where appropriate within the subject, visits to appropriate companies and invited speakers on specialist topics.',NULL,'www.defra.gov.uk\r\rCollege of Animal Welfare (2000) 300 Questions and Answers in Anatomy and Physiology. Oxford: Butterworth-Heinemann\rClayton, Hilary, M (1996) Colour Atlas of Large Animal Applied Anatomy, London: Mosby Wolfe\rFrandson, R D (1992) Anatomy and Physiology of Farm Animals, 5th edition Philadelphia: Lea & Febiger\rMacgregor, Roderick (1965) The Structure of the Meat Animals: a guide to their anatomy and physiology, 2nd Edition, London: Technical Press\rMichell, A R (1989) An Introduction to Veterinary Anatomy and Physiology, Cheltenham: British Small Animal Veterinary Association\rMcCracken, Thomas O (1999) Spurgeon?s Colour Atlas of Large Animals Anatomy: the essentials, Philadelphia, PA: Lippincott Williams and Wilkins\rMcDonald P., Edwards R. A., Greenhalgh J. F. D. and Morgan C. A. (2002) Animal Nutrition. 7th Edition. Prentice Hall\rReece, William O (2004) Functional Anatomy and Physiology of Domestic Animals, 3rd Edition, Baltimore: Lippincott Williams and Wilkins\rReece, William O (1997) Physiology of Domestic Animals, 2nd edition Baltimore: Williams & Wilkins\rTartaglia, Louise (2005) Veterinary Physiology and Applied Anatomy: a textbook for veterinary nurses and technicians, Rev Reprint, Oxford: Elsevier\r',NULL),
	('AGR1011M','Plant Pests, Weeds and Pathogens',2,'Agriculture',15,'1',16,' Pests, weeds and disease can have serious consequences upon the yield and quality of a crop. With recent and potential further reduction in the growers? armoury of plant protection products available, it is becoming increasingly important for those involve in crop production to understand the nature of the ?enemy? and the available options for control. Implementation of control measures requires an understanding of anatomy and life cycles of the organism, and the ability to correctly identify the problem. Pests and weeds are often more susceptible to control measures at certain growth stages ? these need to be correctly assessed and will be carried out in the field. The module will not only examine the current more conventional control measures available but will also embrace innovative approaches, including biological control.','The module will build upon the scientific principles of anatomy and physiology studied in the crop science module and relates them to the biology of weeds. The student will then be introduced to the biology of crop pests and diseases and the impact of all three components upon yield and quality of final product. \r\r?	Taxonomy, anatomy & biology of weeds, pests and diseases\r?	Impact of disease, pests and weeds on yield potential and quality\r?	Crop walking and methods of reporting\r?	Identification of crop and weed  growth stages \r?	Identify related legislation to the control of crop pests, weeds and disease\r','Teaching methods and learning strategy will include: lectures, seminars, tutorials, group and individual study, field walks and where appropriate within the subject, visits to appropriate companies and invited speakers on specialist topics.',NULL,'Agrios, G.N (2005) Plant Pathology, 5th Edition. Academic Press\r\rHubbard, C.E (1992) Grasses, A Guide to their Structure, Identification, Uses and Distribution. Penguin\rNaylor, R.E.L (2002) Weed Management Handbook 9th Edition. Wiley-Blackwell\r\rPedigo, L.P (2007) Entomology and Pest Management. 6th Edition. Prentice Hall.\r\r\r\rhttp://www.bayercropscience.co.uk    Bayer UK: Pest and Weed Spotter Guides \r\r',NULL),
	('AGR2004M','Resource Management',2,'Agriculture',15,'2',15,'Pollution control, the management of waste and the search and development of alternative energy sources is of prime importance not only in the UK, but also throughout the world today. It is of public interest, heightened by the media, that natural resources such as water are protected, pollution is reduced to minimum levels wherever practicable and that the finite energy sources that have been relied upon, particularly during the last two centuries, are replaced with ?environmentally friendly? sources which do not pollute the environment. Legislation and Codes of Good Practice have rapidly been introduced to add a level of enforcement on local government and industries to speed up the progress towards these goals. This module is designed to consider the subject of waste management and pollution, and to critically evaluate the possibilities of alternative energy sources.','The module will allow the student to investigate the broad issues of resource management as the resource agenda changes. Students will also develop an understanding of how waste arises, (particularly from agriculture and primary producers), and the options for treatment and management of that waste, whilst considering the principle of ?Reduce, Reuse, Recycle?. This will include an overview of policy and the legislative framework for waste and exploration of the concept of integrated waste management.\rStudents will investigate the hydrological principles fundamental to the solution of management problems in surface waters and groundwater, including the issues of diffuse pollution, water catchment management, irrigation and the establishment of reservoirs, groundwater protection zones and NVZ?s. As the impact of climate change looms, management of these water supply issues will become increasingly important to the producer. The topics of soil organic carbon, carbon sequestration options, CSF, rainwater harvesting will be examined.\rThe link between waste and energy will be examined, including anaerobic digestion, together with the concept of waste hierarchy and how energy might be conserved in relation to primary food production operations. \r','Teaching methods and learning strategy will include: lectures, seminars, tutorials, group and individual study, field walks and where appropriate within the subject, visits to appropriate companies and invited speakers on specialist topics.',NULL,'Reading materials relating to this module can be found at:\rAnderson, D.A. (Not yet published - 15 Apr 10) Environmental economics and natural resource management. 3rd edition. Routledge. \rC.A.B. International. (2004) Natural resources management in agriculture: methods for assessing economic and environmental impacts. CABI Pub. \rCooper, J. (2005) Agricultural biodiversity and biotechnology in economic development: natural resource management and policy series. Illustrated edition Natural resource management and policy series edition. Springer Science+Business Media. \rCushion, E. (2010) Bioenergy development:issues and impacts for poverty and natural resource management. World Bank. \rDavies, D.B., Eagle, D.J., and Finney, J.B. (2001) Resource management soil. Rev edition. Tonbridge: Farming Press.\rNovotny, V. (2002) Water Quality: Diffuse Pollution and Watershed Management (2nd Edition) (Wiley, Chichester)\rWiebe, K.D. (2007) Agricultural resources and environmental indicators. 2006th edition. Nova Science Publishers. \r\rwww.water.org.uk\rwww.environment-agency.gov.uk\rwww.ref.org.uk\rwww.r-p-a.org.uk\rwww.climateark.org\rwww.fwag.org.uk\rwww.online-ecosurvey.co.uk \rwww.envirowise.gov.uk\rwww.tyndall.ac.uk \rwww.hgca.com\rwww.wrap.org.uk \rwww.nisp.org.uk \r',NULL),
	('AGR2018M','Livestock Production',2,'Agriculture',15,'2',17,'Over the last decade livestock production has come increasingly under the microscope with the outbreaks of Foot and Mouth, BSE and Blue Tongue which lead to reduced confidence in the home and European markets. The increased awareness of health and the welfare of animals have meant that production systems have been intensely scrutinized and more frequently monitored. Protocols and audits are far more the norm in line with arable crop production. This has been compounded by the much publicised, and well documented, outlook for the increase in world population by 2050 and the consequent demand on grain as a food source and not as animal feed. The contribution of livestock to greenhouse gases, primarily methane is also recognised and research into managing this problem is underway. These are some of the issues that the student will be confronted by in this module, which aims to increase awareness and attempt to provide a global and local perspective on livestock production.','The Livestock Production module aims to develop knowledge and understanding of wide-ranging livestock production methods including intensive and extensive systems and the future of livestock in global food production. Management techniques will be investigated and their commercial implications considered. The benefits of animal agriculture as well as the debits such as environmental degradation and potential pollution issues will be reviewed. Integrated Pollution, Prevention and Control (IPPC) protocols will also be considered from a commercial and environmental compliance perspective. The student will examine factors affecting meat quality, red meat and poultry (pre and post farm gate); consumer requirements, including perceptions and nutritional qualities and markets for meat and related products e.g. eggs, butter and cheese.','Teaching methods and learning strategy will include: lectures, seminars, tutorials, group and individual study, field walks and where appropriate within the subject, visits to appropriate companies and invited speakers on specialist topics.',NULL,'www.defra.gov.uk\rwww.fao.org \rwww.bmesonline.org.uk \r\rAlberto, P.D. (2009) New research on livestock science and dairy farming. Nova Science Publishers. \rBattaglia, R.A. (2006) Handbook of livestock management. 4th ed. edition. Pearson Prentice Hall. \rBunte, F. and Vavra, P. (2006) Supermarkets and the Meat Supply Chain: the Economic Impact of Food Retail on Farmers, Processors and Consumers. OECD\rGillespie, J.R. (2009) Modern Livestock and Poultry Production. 8 ed. edition. Thomson Delmar Learning, Division of Thomson Learning. \rGregory N. and Grandin T. (2006) Animal Welfare and Meat Production. CABI Publications\rHall, S.J.G. (2004) Livestock biodiversity: genetic resources for the farming of the future. Blackwell Pub. \r\rKyriazakis, I. and Whittemore, C.T., eds. (2006) Whittemore?s science and practice of Pig Production. 3rd. edition. Blackwell.\rPerren, R. (2006) Taste, Trade and Technology: the Development of the International Meat Industry since 1840. Ashgate.\rSteinfeld, H. (2010) Livestock in a changing landscape. Island Press. \rThankappan, S. and Flynn, A. (2006) Exploring the UK Red Meat Supply Chain. Cardiff University Centre for Business Relationships, Accountability, Sustainability and Society.\r',NULL),
	('AGR2019M','Crop Management',2,'Agriculture',15,'2',16,'This module aims to develop an understanding of crop production systems and the management techniques involved used to produce of a range of crop types. The principles of organic production systems and the concept of integrated farm management will be introduced. Production systems will be discussed in the light of political decisions on a global and local scale, market factors and the impact of the systems on the environment. With the introduction of the Food Strqategy 2030, food production and food security have been highlighted as the pricipal issues that need to be addressed.\rThrough examination of the production systems, students will be encouraged to assess the relative merits of the machinery equirements for these systems with an emphasis on the financial implications. These will include the cost effectiveness and relative merits of electronic, satellite and other information systems used to monitor and improve the precision of machine operations; and outline the relative merits of using contractors and machinery rings.','The module will allow the student to investigate the broad issues of resource \r?	Measures to analyse enterprise performance;\r?	Develop further understanding of market demands and pressures on crop management within the supply chain;\r?	Crop agronomy, including precision farming techniques, new and innovative technologies \r?	The issues surrounding agricultural production and conservation/biodiversity will be debated and provide the link to the environmental modules\r','Teaching methods and learning strategy will include: lectures, seminars, tutorials, group and individual study, field walks and where appropriate within the subject, visits to appropriate companies and invited speakers on specialist topics.',NULL,'Indicative reading materials for this module are:\r\rAlford, D.V (2000) Pest and Disease Management Handbook. 4th edition. Wiley-Blackwell.\rAnon. (annual) The Agricultural Budgeting & Costing Book.  ABC\rHay R. K. M. and Porter J. R. (2006) The Physiology of Crop Yield. 2nd Edition. Wiley-Blackwell\rNix, J.  (annual)  Farm Management Pocketbook. Imperial College London.\rSoffe, RJ. (2003) The Agricultural Notebook, 20th ed. Blackwell Science. ISBN 0-632-05829-3.\rWiseman, A.J.L., Finch, H.J.S., and Samuel, A.M. (2002) Lockhard and Wisemans Crop Husbandry. 8th Edition. Pergamon Press\r\r\rJournals/Periodicals\rCrops\rArable Farmer\rPotato Review\rSugar Beet Review\rVegetable Farmer\rPea & Bean Progress\rFarmers Weekly\r\rMaterial relating to this module may be found at:\r www.fwi.co.uk \rwww.agindustries.org.uk\rwww.soilassociation.org\rwww.foodstandards.gov.uk\rwww.nfu.org.uk\rwww.environment-agency.gov.uk \rwww.leafuk.org/leafuk/\rwww.assuredproduce.co.uk\rwww.hgca.com\rwww.potato.org.uk\rwww.pgro.org \r',NULL),
	('AGR2020M','Crop Husbandry',2,'Agriculture',15,'2',16,'This module provides an overview of the principles of crop husbandry, from pre-cropping preparations through to harvest and storage. Particular attention is given to environmental considerations and the requirements of cross compliance. A focus of the module will be ?growing for a market?,where the choice of crop, variety and cultural practice is driven by the demands of the market.','The module will allow the student to utilise the material previously studied in the Crop Science and Pests, Weeds and Disease modules at level 1 and apply that knowledge to producing crops. The students will examine a range of topics including:\r?	Choice of crop, seed and variety\r?	Crop establishment and cultivations\r?	Drainage and irrigation\r?	Crop protection, plant nutrient and liming requirements \r?	Harvest and storage\r','Teaching methods and learning strategy will include: lectures, seminars, tutorials, group and individual study, field walks and where appropriate within the subject, visits to appropriate companies and invited speakers on specialist topics.',NULL,'Indicative reading materials for this module are:\r\rAnon. (annual) The Agricultural Budgeting & Costing Book.  ABC\rHay R. K. M. and Porter J. R. (2006) The Physiology of Crop Yield. 2nd Edition. Wiley-Blackwell\rNix, J.  (annual)  Farm Management Pocketbook. Imperial College London.\rSoffe, RJ. (2003) The Agricultural Notebook, 20th ed. Blackwell Science. ISBN 0-632-05829-3.\rWiseman, A.J.L., Finch, H.J.S., and Samuel, A.M. (2002) Lockhard and Wisemans Crop Husbandry. 8th Edition. Pergamon Press\r\rJournals/Periodicals\rCrops\rArable Farmer\rPotato Review\rSugar Beet Review\rVegetable Farmer\rPea & Bean Progress\rFarmers Weekly\r\rMaterial relating to this module may be found at:\r www.fwi.co.uk \rwww.agindustries.org.uk\rwww.soilassociation.org\rwww.foodstandards.gov.uk\rwww.nfu.org.uk\rwww.environment-agency.gov.uk \rwww.leafuk.org/leafuk/\rwww.assuredproduce.co.uk\rwww.hgca.com\rwww.potato.org.uk\rwww.pgro.org \rhttp://www.bsonline.co.uk/bsiframe/Default.aspx\r',NULL),
	('AGR2021M','Livestock Physiology and Nutrition',2,'Agriculture',15,'2',17,'The module aims to build on the knowledge gained from studies of animal science and livestock production at levels 1 and 2 and to provide students with an increased level of understanding of nutrition and physiology of livestock.\r\rThe module aims to build on the knowledge gained from studies of crop and plant science and crop husbandry and production at levels 1 and 2 and to provide students with an increased level of understanding of plant physiology to undertake the studies at level 3. The module will focus on the effect of environmental variables on yield, yield components, plant growth and its analysis and upon advances in biotechnology.\r','The animal physiology content of the module will build upon that previously studied in the animal science module. In this module the student will investigate a range of physiological processes, including ion transport mechanisms (passive, active and osmosis), effector systems; the endocrine, paracrine and autocrine systems; hormone synthesis and function and hormone mode of action; energy and energy evaluation systems; homeostasis and energy balance. The module will also examine the physiology of reproduction in livestock species.\r      The nutritional element of the module will enable the student to gain an understanding of how to meet the nutritional requirements for animal growth and development. This will include formulation of rations; partition of nutrients (maintenance, growth, reproduction, lactation); consideration of energy levels, supply of feedstuffs; understanding growth and how to measure growth and composition; factors affecting growth and how to control it; the influence of genotype on setting growth potential; in-feed growth promoters; examining the character and chemical composition of feedstuffs and methods of evaluation including proximate analysis, digestibility, energy and protein.\r','Teaching methods and learning strategy will include: lectures, seminars, tutorials, group and individual study, field walks and where appropriate within the subject, visits to appropriate companies and invited speakers on specialist topics.',NULL,'Indicative reading materials for this module are:\r\rwww.hgca.com\rwww.fwi.co.uk\rwww.rothamstead.ac.uk\rwww.environmentsensitivefarming.co.uk \rwww.defra.gov.uk\r\r\rClancy,J., McVicar, A.J. (2002) Physiology and Anatomy: A Homeostatic Approach. 2nd Edition. Arnold Publishing\rKay, I. (1998) Introduction to Animal Physiology. Oxford, BIOS Scientific Publishers\rSchmidt-Nielsen, K. (1997) Animal Physiology: adaptation and environment. 5th Edition. Cambridge: Cambridge University Press\r\rJournals:\rPig Farming \rJournal of Dairy Science\rPoultry World',NULL),
	('AGR2022M','Crop Physiology',2,'Agriculture',15,'2',17,'The module aims to build on the knowledge gained from studies of crop and plant science and crop husbandry and production at levels 1 and 2 and to provide students with an increased level of understanding of plant physiology to undertake the studies at level 3. The module will focus on the effect of environmental variables on yield, yield components, plant growth and its analysis and upon advances in biotechnology.','The module will examine physiology of plants in relation to cultivated crops. The student will identify yield components and the abiotic and biotic factors that will affect crop yield including the transpiration, photoperiodism and phototropism. This will inevitably introduce the student to plant growth regulators, their mode of action and their relevance to crop production. The student will investigate radiation and temperature effects on crop performance; crop/water relationships and related irrigation practices; photosynthetic pathways and photorespiration involving C3, C4 and CAM pathways. The module will also focus on crop yield and dry matter production which will include an examination of yield components and methods of yield determination and plant analysis.\rThe subject of biotechnology will be introduced, and will include aspects of plant breeding, traditional and transgenic approaches.\r','Teaching methods and learning strategy will include: lectures, seminars, tutorials, group and individual study, field walks and where appropriate within the subject, visits to appropriate companies and invited speakers on specialist topics.',NULL,'Indicative reading materials for this module are:\r\rHay R. K. M. and Porter J. R. (2006) The Physiology of Crop Yield. 2nd Edition. Wiley-Blackwell\rHopkins, W.G. (2004) An Introduction to Plant Physiology. 3rd Edition. New York: John Wiley\rSalisbury, F.B. and Ross, C.W. (1992) Plant Physiology. 4th Edition. Belmont. California: Wadsworth\rTaiz, L. and Zeiger, E. (2002) Plant Physiology. 3rd Edition. Sinauer\r\rJournals:\rAgronomy Research\rAgronomy journal\rSoil Technology\rCrop Science\rField Crops Research\r\rwww.hgca.com\rwww.fwi.co.uk\rwww.rothamstead.ac.uk\rwww.environmentsensitivefarming.co.uk \rwww.defra.gov.uk\rwww.agindustries.org.uk\rwww.soilassociation.org\rwww.foodstandards.gov.uk\rwww.nfu.org.uk\rwww.environment-agency.gov.uk \rwww.leafuk.org/leafuk/\rwww.assuredproduce.co.uk\rwww.potato.org.uk\rwww.pgro.org \rhttp://www.bsonline.co.uk/bsiframe/Default.aspx\r',NULL),
	('AGR2023M','Sustainable Environmental Management',2,'Agriculture',15,'2',16,'Sustainable development of land-based industries, the community and the environment in which they operate is extremely important. Effective environmental management leads to a sustainable society and a healthy earth. As society becomes more interested in the operation of businesses, a business is no longer able to operate in a vacuum and has both a corporate and social responsibility.  \rThe public concern for the state of the environment continues to grow, intensified by an apparent escalation in the frequency and severity of environmental hazards and fuelled by media attention. In addition there has been an increase in environmental legislation and policy initiatives on a global, European, national and regional scale. This module will introduce students to the practice of environmental and sustainability management and examine issues such as biofuels/biomass, crops for energy, local and global self-sufficiency, human health and transport. Issues surrounding biofuels and food production will be debated.\r','The module will encourage students to engage with the principles of sustainability and how this concept is vital to rural areas where there are critical issues affecting communities such as the rapid increase in growth of the UK?s rural population, changes in the local infrastructure and continuing financial difficulties for the agricultural sector. The module will introduce topics such as biodiversity and biodiversity action plans (BAP), conservation and ecology; integrated land use; implementation of Integrated Crop Management  (ICM) and Integrated Farm Management (IFM) practices including operation of the DEFRA Environmental Stewardship Scheme; the potential consequences of climate change; the role of legislation in protecting the environment; the role of government and non-government organisations in conservation and environmental issues; self-sufficiency and energy. ','Teaching methods and learning strategy will include: lectures, seminars, tutorials, group and individual study, field walks and where appropriate within the subject, visits to appropriate companies  including LEAF farms, and invited speakers on specialist topics.',NULL,'www.environment-agency.gov.uk \rwww.naturalengland.org.uk\rwww.leafuk.org \rwww.tyndall.ac.uk \r\rBarrow, C.J. (1999) Environmental Management- Principles and Practice. Routledge, London\rDEFRA (Department for Environment, Food and Rural Affairs) (2002) Achieving a Better Quality of Life: Review of Progress Towards Sustainable Development-Government Annual report 2002 (Defra Publications, London)\rGaston KJ and Spicer JI. (2002) Biodiversity: an Introduction. Blackwell Science.\r\rJournals:\rJournal of Environmental Management\r',NULL),
	('AGR2024M','Research Methods and Project Management',2,'Agriculture',15,'2',18,'This module is concerned with developing skills required to collect, interpret and present primary and secondary research information. It describes and discusses the application of descriptive and quantitative statistics.\rThe module considers some of the principles of experimental design and expands them in detail. It describes statistical significance tests for comparing data and enables students to practise where and how to use each statistical test. It will provide students with the skills required to design and carry out a research project, and provide the foundation for the Independent Project at level 3.\rProject management skills are essential to any business and will enable the student to analyse a problem, produce a project plan, undertake actions to effect a solution to the problem. This will involve effective leadership and organisational skills, together with decision-making and team management. \r','Scientific research methods:  Introduce the scientific principles of research. This will include experimental design and data collection techniques.\rIdentifying research questions, aims, objectives and design of an experiment; development of hypotheses and predictions; controls and replication, sampling techniques, avoiding bias and defining data variables.\r Experimental data: Types of data, quantitative and qualitative. Populations and samples, distribution of data ? normal and non-normal, frequency, summary statistics including measures of central tendency, measures of variability, correct graphical presentation for specific types of data.\rReview statistical significance tests for comparing sets of data:\rThe basic format of a significance test ? the null and alternative hypotheses. Converting data to standard statistical modules. Matching the statistical test with the data to be compared. The limitations and assumptions of different statistical tests. Comparison of calculated values with those in statistical tables. Deducing whether to accept or reject the NH levels of significance.\rStatistical significance tests:\rStudent t-test, matched pair t-test, ANOVA, chi square test for frequency data and correlation. Use of statistical computer packages e.g. SPSS Applications of the tests on relevant practically obtained data.\rProject management:\rThis section of the module will cover 7 areas: project initiation (the factors required for a successful outcome); risks, estimates and contracts (how much will the project cost); planning; building and leading a team; project execution (the tasks that must be performed during the life of a project e.g. measuring progress against planned); standards, methodologies and reflections.\r','Teaching methods and learning strategy will include: lectures, seminars, tutorials, group and individual study. These will be supported by data generated either by the student having taken direct measurements e.g. leaf area or taste panel results, or where the student is provided with the research data to analyse.',NULL,'Reading material relating to this module can be found at:\rwww.math.com\rwww.s-cool.co.uk \r\rBarnett, R. (2004). Schaum?s Outline of Theory and Problems of Elementary Algebra. 3rd Edition. McGraw-Hill.\rCann A.J. (2002) Maths from Scratch for Biologists.  John Wiley and Sons Ltd \rClewer A. G. and Scarisbrick D.H. (2001) Practical Statistics and Experimental Design for Plant and Crop Science. Wiley\rCoolidge, F.L. (2006). Statistics: a gentle introduction. London. Sage Publications\rCroft A. and Davison R. (2006) Foundation Maths 4th Edition. Prentice Hall\rJones A., Read R. and Weyers J. (2003) Practical Skills in Biology. 3rd Edition. Prentice Hall\rMendelson, E. (1997). Schaum?s Outline of Theory and problems of Beginning Calculus. 2nd Edition. McGraw-Hill\rRuxton, G.D., Colegrave N. (2006) Experimental Design for the Life Sciences. Oxford. Oxford University Press\rSpiegel, M.R. (1999). Schaum?s Outline of Theory and Problems of Statistics. 3rd Edition. McGraw-Hill\r',NULL),
	('AGR2025M','Quality Management and Evaluation',2,'Food Manufacture',15,'2',14,'Quality assurance plays a legal and moral role within the production of food for both the processor and producer. This module develops knowledge and understanding of available quality assurance (QA) and quality control (QC) management methods whilst adhering to required legislation and codes of practice and discusses the concept of risk. The rationale of HACCP in relation to food safety and the concept of Total Quality Management (TQM) are explored together with the schemes used to monitor management systems, all contributing to food security and traceability.\rThe learner will be introduced to the quality assessment techniques, linking back to the food commodities module, undertaken on whole and processed products for example, chemical, physical, sensory and microbiological criteria.  The results of the quality assessments against product specifications and the role of assurance schemes will be explored.\rThe learner will investigate the content of the syllabus in relation to a variety of product areas. \r','The module will examine a range of topics including:\r\rProducer / processor constraints, examine the sources of biological / chemical and physical contamination in relation to food safety, legislation and codes of practice\r\rQA and QC systems, principles and role of HACCP and TQM, Auditing Risk assessment\r\rAssurance schemes ? supplier accreditation\r\rChemical, Physical and Microbiological Assessment Techniques\r\rSensory Evaluation - evaluation of a food product using its sensory attributes through statistical analysis.\r','Teaching methods and learning strategy will include: lectures, seminars, tutorials, group and individual study, and where appropriate within the subject, visits to appropriate companies and invited speakers on specialist topics. Laboratory practicals will form a key part of the delivery and of the assessment of this module e.g. determination of protein, gluten and mycotoxins in cereals; total cell counts, phosphatise test and adulteration in milk; and develop a sensory profile of a commodity.',NULL,'Reading materials relating to this module can be found at:\rwww.brc.org.uk\rwww.defra.gov.uk\rwww.efsis.com\rwww.fabbl.co.uk\rwww.foodstandards.gov.uk\rwww.rdg.ac.uk/iagrm \rwww.soilassociation.org\r\r\rAli I. (2004) Food Quality Assurance: Principles and Practices. CRC Press\rBedford L.V. (2002) HACCP in Agriculture: Livestock Production. CCFRA \rDillon, M (1996) How to HACCP: an Illustrated Guide. Grimsby: MD Associates\rDillon M and Griffith C (2001) How to HACCP: A Management Guide. MD Associates\rForsythe and Hayes (1998) Microbiology and HACCP. Aspen\rFox B. and Cameron A.G. (2006) Food Science Nutrition and Health. 7th Edition. London Edward\rJay J.M. (2005) Modern Food Microbiology. 7th Edition. Aspen.New York\rMontimore S. and Wallace C. (2001) HACCP, London, Blackwell Science\rParry, T (1990) Principles of Microbiology for Students of Food Technology. London, Thornes\rSpringett, M (1998) Raw Materials and the Quality of Processed Foods. London, Blackie\r',NULL),
	('AGR2026M','Agri-Food Business Management',2,'Food Manufacture',15,'2',16,'The student will acquire an understanding of the main agri-business techniques for monitoring and controlling the business including the construction and analysis of accounts, forward planning and budgeting as key management skills. The student will also learn to integrate their knowledge of crop and animal production with the management techniques to prepare recommendations for farm performance.','The module will initially look at farm/ business records, and then move on to the management and organisation of budgets (actual costs and budgeted), whole farm budgets and crop/livestock profitability or food factory budgets and food product profitability, partial budgets and cash flow budgets. The students will also be introduced into valuation and depreciation, and the difference between revenue and capital costs. The module will also examine the range of options available for business finance, tax efficient options and investment appraisal techniques. \r\rThe agricultural student will become familiar with land tenure (tenancy agreements and rent assessment), machinery planning and acquisition.  The food manufacturing student will become familiar with factory cost, plant and equipment planning and acquisition. \r','Teaching methods and learning strategy will include: lectures, seminars, tutorials, group and individual study, and where appropriate within the subject, visits to farms and appropriate agri-food business enterprises and invited speakers on specialist topics.',NULL,'Buchanan D. and Huczynski A. (2007). Organizational Behaviour ? An Introductory Text. 6th Edition. Prentice Hall\rMason R. (2003) Finance for Non Financial Managers. 3rd. Edition. Hodder Arnold.\rNix J. (2007) Farm Management Pocketbook. 37th Edition. The Andersons Centre.\rSAC (2006) The Farm Management Handbook 2006-2007 27th Edition. Ed. Beaton C. \rSoffe RJ. (2003) The Agricultural Notebook 20th Edition. Blackwell Publishing\r',NULL),
	('AGR3009M','Independent Project',2,'Agriculture',30,'3',19,'This module is based upon individual, supervised student activity, which provides an opportunity for an in-depth study of a particular topic relevant to agriculture and/or food manufacture. The project will also enable the student to demonstrate original and critical thought, their abilities to plan, organise, and conduct their own work, evaluate and select relevant information and present a thesis. The thesis will conform to an agreed format and will be presented in a logical and coherent manner..\rThe module requires the student to generate and analyse some form of primary data. The project title will be derived from the research interests of a member of academic staff, an industrial problem with the involvement of a particular company, or one suggested by the student ( only if it is at an appropriate  level, and staff expertise and equipment are available). The research may be developed in partnership with employers and, as such will present information relevant to a specific employer needs and be significant to the development of that business.\r','The independent study will be supported by studies which will consist of the following lectures and seminars:\r?	Study planning\r?	Literature retrieval techniques\r?	Thesis format\r?	Scientific report writing\r?	Presentation skills\r?	Oral presentation feedback\r','Teaching methods and learning strategy will include a programme of lectures and tutorials.  The emphasis on the individual projects is on student centred learning, with specialist tutorial support. Opportunities will be provided to the student to undertake practical work, field work and surveys through links with industrial partners.',NULL,'Supervisors will suggest appropriate indicative reading and key references that will be unique to each student. Students will receive a project handbook, which will act as a source of reference for the project. \r\rDawson C. (2005) A Practical Guide to Research Methods: A User friendly manual for Mastering Research Techniques and Projects. How to Books\rHart C.  (1998) Doing a Literature Review: Releasing the Social Science Research Imagination Pub: Sage Publications Ltd\rHoward K., Sharp J. A., and Peters J. (2002) The Management of a Student Research Project 3rd Edition; Pub: Gower Publishing Ltd\rMoore N. (2000) How to do Research: The Complete Guide to Designing and Managing Research Projects. Library Association\rRobson C. (2006) How to do a Research Project: A guide for undergraduate students.  Pub: Blackwell Publishing\r',NULL),
	('AGR3010M','Current Issues in Agriculture and the Environment',2,'Agriculture',15,'3',17,'There is currently much debate surrounding the concepts of sustainability and food security. Sustainability may be viewed as an attempt to harmonise the economic, social and environmental dimensions of a general developmental strategy for food and energy production. This strategy is now a key feature of governmental policies world wide. A major challenge to governments and producers for the 21st century is to change the patterns of production and consumption to achieve sustainable development objectives without compromising the future viability of natural and human systems. Businesses will need to develop their own strategies to further improve their products and processes in response to consumer demand and the needs of the environment. This module will provide students with an opportunity to draw on knowledge and experience gained throughout the programme and investigates any of the above aspects of agriculture and the environment. These may be political, social, economic, moral and ethical, environmental or production issues. ','This integrative module is designed to encourage the student to investigate in depth the current agricultural and environmental issues. Such issues may have a current or future impact on crop, livestock or non-food crop production. Examples of potential study areas that may be addressed include: the future of genetically modified crops; the impact on crop production on biodiversity; management of climate change and its impact on production and perhaps the social and political dimensions of water use. Debate may ensue around whether or not genetic improvement is critical to address issues of food security for a growing world population, or whether crops are a central component of agro-ecosystems and economies worldwide, and as a consequence, there is a need to consider agriculture and environment on a global scale as well as local. Students may also investigate the application of the latest and emergent biotechnology options and bioformatics for crop improvement and production. The content of the module is likely to change each year to reflect the issues of the day.','Teaching methods and learning strategy will include lectures, seminars and involve student-led research into a specific topic. The module will also include a series of invited lectures by experts in the field with some presentations given by the students themselves. ',NULL,'Advice and guidance will be provided to students dependent on their chosen area of research.\r\rJournals:\rAgronomy Research\rAgronomy journal\rSoil Technology\rCrop Science\rField Crops Research\rPost Harvest Biology and Technology\rEnvironmental and Experimental Botany\r\rwww.hgca.com\rwww.fwi.co.uk\rwww.environmentsensitivefarming.co.uk \rwww.defra.gov.uk \rwww.ukagriculture.com \rwww.fao.org\rwww.who.int \r',NULL),
	('AGR3011M','Integrated Farm Management',2,'Agriculture',30,'3',16,'The aims behind this module are to draw together the principles studied in the first year of the programme, with the more in-depth nature of the studies in the second year, and to integrate them into a coherent module. This will provide the student with a clear understanding of the complex and multi-disciplinary nature of the industry. An industry which demands a wide range of skills and depth of knowledge, but with an understanding of how these can be applied.  Integrated farming is an approach to food production which combines traditional farming methods with modern technology, in an environmentally friendly manner. IFM aims to ensure high standards of food production with minimum environmental impact; it integrates beneficial natural processes, landscape maintenance, enhancement of wildlife habitats and increased biodiversity into modern farming practices. The concept is a whole farm, long term strategy. ','The student by embracing the IFM approach will use the management and business skills, and draw upon the scientific knowledge, studied previously in the programme. The module will introduce the student to advanced farm business techniques through a ?live? farm. \rIt is expected that the student will construct a fully detailed farm business plan (including financial statements and budgets) as part of a land tenure agreement. This plan will encompass waste and energy managements, cropping and environmental schemes. It will reflect the current legislation and government and European support mechanisms. The cropping plan and rotation will be developed in conjunction with for example, nutrient management plans. Environmental schemes (ELS and HLS) to enhance the biodiversity together with diversification options, may be considered by the student; machinery management selection to equip the production system, (using prior knowledge of finance sources), and sprayer technology, will be studied to further inform the plan. As part of the IFM approach energy and waste management on the holding will be examined.\r','Teaching methods and learning strategy will include lectures, seminars, tutorials, group and individual study, and where appropriate within the subject visits to agricultural sites and Institutions. Speakers on specialist topics will be invited to contribute to the programme.',NULL,'Boss, A. (2004) Modern farm management: principles & practice. Biotech. \rDrummond, C.J. (2006) Integrated Farm Management: Principles and Progress of Good Agricultural Practice. Proceedings of the International Fertiliser Society edition. International Fertiliser Society. \rKay, R.D. (2007) Farm management. International ed., 6th ed. edition. McGraw-Hill Higher Education. \rNix J. (2007) Farm Management Pocketbook. 37th Edition. The Andersons Centre.\rSAC (2006) The Farm Management Handbook 2006-2007 27th Edition. Ed. Beaton C. Turner, J. (1 May 10 Not yet published) Applied Farm Management. 3rd edition. John Wiley and Sons Ltd. \rWiseman, A.J.L., Finch, H.J.S., and Samuel, A.M. (2002) Lockhard and Wisemans Crop Husbandry. 8th Edition. Pergamon Press\r\rwww.hgca.com\rwww.fwi.co.uk\rwww.rothamstead.ac.uk\rwww.environmentsensitivefarming.co.uk \rwww.defra.gov.uk\rwww.environment-agency.gov.uk \rwww.naturalengland.org.uk\rwww.leafuk.org \rwww.tyndall.ac.uk \r\rJournals\rAgronomy Research\rAgronomy journal\rSoil Technology\rCrop Science\rField Crops Research\r',NULL),
	('AGR3012M','Managing the Supply Chain, Operations and Resources',2,'Food Manufacture',30,'3',18,'Supply chains, coordinated on a global and local scale, for producing and markets food products, present a fascinating and important area for study. They are re-shaping contemporary business, technological and socio-economic development. They impact on everyone?s lives, in both the industrialized and developing countries. Supply chains are central to environmental change and to sustainable business practice. Learning how to manage them and their impacts presents fundamental organisational challenges.\rManaging operations efficiently whether on the farm or in a factory is essential for any business to compete successfully. It is a factor within the supply chain and usually involves project management, with the aim of maintaining and raising quality and improving efficiency in an increasing lean environment.\rManaging people, human resource management, is concerned with the effective management and utilisation of human resources in organisations. For most organisations, human resources are their greatest assets and their optimal utilisation is the key to competitive advantage in today?s increasingly harsh economic environment. It is now so crucial to success, that is it no longer the sole responsibility of personnel management, and is the responsibility of all managers.\r','Supply Chain Management\rThe student will establish how supply chain management is extending across the total product life cycle- from production in the field, through primary processing, further processing, distribution, marketing and after-market support to end-of-life processing.\rThe 3 themes that will be examined are supply chain policy, supply chain practice and supply chain improvement with the view of an integrated supply chain. Concepts such as process mapping and the strategic management of lead times will be considered.\r \rOperations Management\rThis section of the module will provide the student with an in-depth understanding of the concepts and strategies relevant to operational management, and embed the skills necessary to analyse and solve problems associated with design, planning and control of production of food products.\r\rHuman Resource Management\rStudents will examine HRM for both a strategic and operational perspective. Strategically, HRM policies are designed to support and reinforce general business strategies; operationally, HRM is concerned with optimising the day-today management of people.\rThe topics covered in this part of the module will include: the origins and nature of HRM; models of HRM; key themes in HRM; recruitment and selection; performance appraisal and performance management.\r','Teaching methods and learning strategy will include lectures, seminars, tutorials, group and individual study, and where appropriate within the subject visits to agricultural sites and Institutions. Speakers on specialist topics will be invited to contribute to the programme.',NULL,'Christopher M. (2004) Logistics and Supply Chain Management: Creating Value - Adding Networks (Financial Times Series) Publisher: Financial Times/ Prentice Hall; 3rd edition \rChopra, S. Meindl, P. (2007) Supply Chain Management, 3rd Edition. Prentice Hall\rFawcett, S.E., El Iram, L., Ogden, J.A. (2007) Supply Chain Management: From Vision to Implementation. Prentice HallHugos M. (2006) Essentials of Supply Chain Management, Publisher: John Wiley & Sons; 2nd Edition\rJohnson, G. Scholes, K. Whittingham, R. (2006) Exploring Corporate Strategy. Harlow FT Prentice Hall\rMarchington, M. and Wilkinson, A. (2002) People Management and Development. 2nd Edition. London:CIPD\rMorgan G. (1997) Imaginization: New Mindsets for Seeing, Organizing, and Managing. Publisher: Berrett-Koehler\rMullins, L. (2004) Management and Organisational Behaviour, Prentice Hall.\rSenge P. (2006) The Fifth Discipline. Random House Business Books; 2nd Rev Edition\rSlack, N. Chambers, S. and Johnston, R. (2001) Operations management. 3rd Edition. Financial Times Prentice Hall\rWeightman, J. (2002) Managing People. London:CIPD\r',NULL),
	('AGR3013M','Environmental Management',2,'Agriculture',30,'3',17,'The module aims to introduce the student to the practice of environmental and sustainability management, covering legal and policy frameworks, regulatory and advisory bodies, the generation and implementation of environmental and sustainability strategies, techniques of environmental decision-making and information handling. The module will also enable the student to build upon knowledge gained in the sustainable environmental management module and to examine more specialist areas such as sustainable development, environmental impact assessment, ecological assessment, environmental monitoring and biodiversity.','The module will examine methods of environmental assessment; management of organisational structures to tackle environmental matters; development of environmental management systems (ISO 14001 and EMAS) and environmental management tools; policy and regulatory principles of environmental risk management and their practical application; environmental planning and rural development policies the response of businesses to environmental challenges in a range of contexts. The student will investigate auditing, of inputs and outputs, including carbon, energy and fossil fuels. Green tourism and public access to land (SSSI?s, AONB, and National parks) is an important and growing rural issue which will be reviewed.  Students will also be able to pursue an area within environmental management of specific interest of their own. This may involve biodiversity and conservation, environmental protection, climate change and impact assessment or environmental policy and legislation.','Teaching methods and learning strategy will include lectures, seminars, tutorials, group and individual study, and where appropriate within the subject visits to agricultural sites and Institutions. Speakers on specialist topics will be invited to contribute to the programme.',NULL,'Barrow, C.J. (1999) Environmental Management- Principles and Practice (Routledge, London)\rDEFRA (Department for Environment, Food and Rural Affairs) (2002) Achieving a Better Quality of Life: Review of Progress Towards Sustainable Development-Government Annual report 2002 (Defra Publications, London)\r\rJournal of Environmental Management\r\rwww.environment-agency.gov.uk\rwww.climateark.org\rwww.naturalengland.org.uk\rwww.online-ecosurvey.co.uk \rwww.defra.gov.uk  environmental protection section\rwww.hgca.com environment section\rwww.naei.org.uk National Atmospheric Emissions Inventory\rwww.ipcc.ch Intergovernmental Panel on Climate Change\rwww.airquality.co.uk\rwww.occ.gov.uk/activities/stern.htm The Stern Review, autumn 2006\rhttp;//assets.panda.org/downloads/living planet report. PDF WWF Living Planet Report\rwww.bioregional.com/programme_projects/opl_prog/principles.htm Bio-Regional One Planet Living Programme\rwww.defra.gov.uk/environment/statistics/eiyp/pdf/eiyp2007.pdf Defra, The Environment in your pocket 2007\r',NULL),
	('CGP1001M','Introductory Games Studies',1,'Computing',30,'1',2,'This module introduces students to fundamental principles in computer gaming. Broad considerations of the contemporary computer game industry including the societal view of gaming and cultural implications, the nature and structure of the computer games industry and the processes involved in the game development cycle are discussed. In addition, fundamental skills are developed via the investigation of introductory mathematical principles relating to computer games development, the development of basic game design and development skills, and the introduction to 3D modelling software.','Introduction to the business of games development, industry roles, development cycles, etc.\rRepresentation and imagery in games: gender/violence, etc. \rMedia reporting of games. \rEthical issues facing game developers. \rIntroduction to techniques for designing games and game assets. \rIntroduction to game development in an appropriate software development environment. \rIntroductory games mathematics: \rThis module develops the following mathematical concepts and techniques: algebra, aspects of 2D geometry, trigonometry, vectors, scalars and simple matrices.\r','This module is taught through a programme of lectures, laboratory workshops, group exercises and tutorials. Formative in-class assessment is employed both to develop a deeper understanding of the subject and to rehearse technique for the summative assessments.',NULL,'Very useful:\r\rRabin, S. (ed), Introduction to Game Development (Charles River Media, 2005) \r\rMoore, M., Introduction to the Games Industry (Pearson Prentice Hall, 2007)\r\rGood reading, but not essential:\r\rDunn, F., &  Parberry, I., 3D Math Primer for Graphics and Game Development (Wordware, 2002)\r\rTremblay, J., Mathematics For Game Developers (Course Technology, 2004)\r\rWolf, M. J. P., & Perron, B., The Video Game Theory Reader (Routledge, 2003) \r\rEDGE magazine (Future Publishing). \r\rAny technology-focussed media, national broadsheet newspapers, etc. \rwww.gamasutra.com \rwww.gamedev.net \rwww.gamemaker.nl] \r',NULL),
	('CGP2001M','Game Design',1,'Computing',30,'2',2,'This module explores the process by which a game concept is first germinated and its subsequent development via a process of design and documentation to a prototype stage. \rConcepts such as design patterns, gameplay, game mechanics, storyline, narrative, game architecture and game balance are all studied, using examples of card games, board games and computer games from both contemporary and traditional sources. \rThe module will be broadly split between game design theory and game design practice. Level design (as an example of experience design in general) and its practical application via a commercial game development environment will be practically explored in detail. Theories of game design and design patterns will be studied using hands-on exercises such as paper prototyping and board game mock-ups as examples. Practical analysis deconstruction of existing games will encourage debate and comparisons of design styles principles. \rStudents will be encouraged to critique both their own designs and others. Frequent constructive group critiques will give students feedback on their design and ideas.\r','First concepts. Ideas, analysis, evaluation and justification of an idea. \rGameplay. What it is, its importance to a games success, enhancement and development. \rGame Balance. Balance and symmetry in game design. In particular, the balancing of game elements, payoff matrices and other methods to ensure comparability of experience for competing players. \rAbstraction. Fundamental elements of game experience, character and avatar representation. \rGame design patterns. Patterns in design as the building blocks of a macro game design \rLevel design tools, principles of level design for different game types, commercial game engine modification.\rDesign documentation.\r','This module is delivered via a number of lectures, task driven practical tutorials, hands-on workshops and group critique sessions. Learning will be developed and reinforced by the assessments which require: \r? Modding tutorials, submit signed task sheets \r? Game analysis and deconstruction, hand in and presentation \r? Game design and documentation for prototype. Formative in-class assessment is employed both to develop a deeper understanding of the subject and to rehearse technique for the summative assessments.\r',NULL,'Adams, E. & Rollings, A. Fundamentals of Game Design (Prentice Hall, 2006)\r\rBjork, S.,  & Holopainen, J., Patterns in Game Design (Charles River Media, 2005)\r\rRabin, S (ed), Introduction to Game Development (Charles River Media, 2005)\r\rSalen, K., & Zimmerman, Rules of Play (MIT Press, 2004)\r\rHolt, T., Mapping and Modding Half Life 2 Complete (Paraglyph Press, 2006)\r\rRollings, A., & Morris, D., Game Architecture and Design (Coriolis Press, 2000)\r\rKatz, A., & Yates, L., Inside Electronic Game Design (Prima Publishing, 1996)\r\rSaltzmann, M., Game Design: Secrets of the Sages (Brady Publishing, 1999)\r\rLewinski, J. S., The Developers Guide to Computer Game Design (Wordware, 2000)\r\rGame Developer Magazine CMP Publishing. \rEDGE Magazine Future Publishing. \rwww.gamasutra.com \rwww.gamedev.net \r',NULL),
	('CGP2004M','Computer Graphics and Games Programming',1,'Computing',30,'2',21,'This module introduces the student to the fundamentals, theory, principles, methods, and techniques of 2D and 3D Computer Graphics (CG) and Computer Generated Imagery (CGI). The specialised mathematical underpinnings are explored along with their practical application in algorithms. The development of skills in implementing and developing computer graphic applications with C/C++ and standard graphics libraries (such as OpenGL) encourages the student to develop their programming skills while observing the theory of 3D graphics in practice. The above will be delivered through a games programming context. Students will be encouraged to develop game code to utilise the graphics algorithms and techniques.\r\rThis module develops the following mathematical concepts and techniques: coordinate systems, transformations (translation, rotation, and scaling), projection, vector additions and multiplications, matrix operations, dot and cross products, parametric curves and surfaces, viewing conventions.\r','Fundamentals of Computer Graphics and Computer Generated Imagery (CGI), including overview history, applications and relationship with other fields. \r\rPrinciples of 2D and 3D graphics programming with the aid of a standard graphics library such as OpenGL.\r\rComputer graphics algorithms e.g. line/circle drawing, clipping, culling, hidden-surface removal. \r\rPrinciples of shading, lighting, texturing, and  the rendering pipeline e.g. phong lighting models, texture mapping, shadowing and bump maps.\r\rReal time, optimisations, and performance consideration and improvement techniques e.g. Level of Details (LOD), shaders, vertex arrays, display lists.\r\rGame programming: the concept of a game ?state?, the game loop, game updates and timing, as well as memory management.\r\rThis module develops the following mathematical concepts and techniques: Coordinate systems, Transformations (translation, rotation, and scaling), projection, vector additions and multiplications, matrices operations, dot and cross products, parametric curves and surfaces, viewing conventions.\r','This module is taught through a programme of lectures and an accompanying programme of practical hands-on workshops and theory seminars. Formative in-class assessment is employed both to develop a deeper understanding of the subject and to rehearse technique for the summative assessments.',NULL,'Astle D. & Durnil D., OpenGL ES Game 2 edition Development (Thomson Course Technology, 2004) \r\rDeLoura M., Game Programming GEMS (Charles River Media, 2000) \r\rFoley et. al., Computer Graphics: Principles and Practice in C , 2nd Edition (Addison Wesley, 1995) \r\rHill F. S., Computer graphics: using Open GL (Prentice Hall, 2001) \r\rMoller et. Al., Real-Time Rendering 2 edition (AK Peters, Ltd, 2002).  \r\rWright, R. S., & Lipchak, B., The OpenGL Super Bible (Sams Publishing, 2004) \r\rRabin, S,  Introduction to Game Development (Charles River Media, 2005) \r\rSchreiner, D., The OpenGL Programming Guide (Addison Wesley, 2003) \r\rOther useful resources, include:\r\rhttp://www.opengl.org/ \r\rGame Developer Magazine (CMP Media) \r\rhttp://nehe.gamedev.net \r',NULL),
	('CGP2005M','Games Computing Group Project',1,'Computing',30,'2',3,'This module aims to provide students with the experience of working as part of a team on a development project. Students will produce a set of deliverables relevant to Computing, including a finished product or artefact. Final deliverables will be negotiated between the group and their supervisor, the module coordinator will be responsible for ensuring that each project covers the learning outcomes of the module. Groups are expected to manage their own processes, and to hold regular meetings both with and without their supervisor. Groups will be allocated by the module coordinator and other members of staff. The process of development of the artefact and the interaction and management of group members underpins the assessment of skills in the module.','Project Management Tools and Mechanisms; Group management and team based working; Project requirements negotiation and capture; Presentational skills; Design processes and design tools; Support Tools for Group and Project Management (artefact management, groupware, software based support tools as appropriate, dependent upon the nature of the project).','Initial theoretical material will be covered in lectures that cover project management skills, communications skills, time management, group dynamics and group management, presentation skills and report writing. Each group\'s work will be overseen by a nominated supervisor. Groups will be expected to meet together regularly, both with and without their supervisor present. Records of meetings and individual logs of development form an important part of student development throughout the module and may be scrutinised at later stages to establish the extent of individual contribution to the group.',NULL,'Dawson, Christian W., The Essence of Computing Projects: A Student?s Guide (Prentice Hall, 2000)\r\rMeans, J., & Adams, T., Facilitating the Project Lifecycle: The Skills & Tools to Accelerate Progress for Project Managers, (Jossey Bass Business and Management Series, 2005)\r\rFincher, S., Petre, M. & Clark, M. (Eds) Computer Science Project Work: Principles and Pragmatics (Springer, 2001)\r\rGarton, C., & McCulloch, E., Fundamentals of Technology Project Management (MC Press, 2005)\r\rHight, J. & Novak, J., Game Development Essentials: Game Project Management (CENGAGE Delmar Learning, 2007)\r\rSchwalbe, K., Information Technology Project Management, 5th edition (Course Technology, 2007)\r\rCloud. H. & Townsend, J., Making Small Groups Work (Zondervan, 2003)',NULL),
	('CGP3001M','Game Engines',1,'Computing',30,'3',4,'Game engines are the core software components of computer games. They provide the underlying technologies upon which a game can be developed. The architecture and component design of a game engine dictates its core functionality and hence the features of the game which can be built from it. \r\rThis module will investigate the architecture of game engines and the functionality of typical engine components, such as a renderer, a physics or collision management component and a scene graph. In addition the practical use of existing game engines and development of engine components will be explored.\r','Game engine architecture\rGame engines as middleware\r2D/3D renderers\rCollision management / Physics functionality\rI/O Management\rScene Management\rGame engine examples, such as : Renderware, Havok, Torque\rOpen source examples for example : Crystal Space, Ogre 3D, Cube\r','This module is taught through a programme of lectures, laboratory workshops, group exercises and tutorials',NULL,'Very useful:\r\rWihlidal, G., Game Engine Toolset Development (Thomson, 2006)\r\rSherrod, A., Ultimate 3D Game engine Design and Architecture, (Charles River Media, 2006)\r\rBourg, D., Physics for Game Developers (O?Reilly, 2001)\r\rKodicek, D., Mathematics and Physics for Programmers (Charles River Media, 2005)\r\rGood reading, but not essential:\r\rZerbst, S., 3D Game Engine Programming (Thomson, 2004)\r\rFinney, K., 3D Game Programming All In One (Thomson, 2004) \r',NULL),
	('CMP1001M','Software Development',1,'Computing',30,'1',2,'This module introduces the concepts and practice of simple computer programming, with attention paid to quality and testing issues. Following on from this fundamental base, the module extends students\' knowledge of computer programming enabling them to create systems consisting of multiple classes and objects. Fundamental principles of discrete mathematics are explored and developed.','Imperative programming concepts: variables, sequence, iteration, repetition; data types and values; quality issues and testing; implementation and design processes. \rClasses and objects; class definition; object instantiation; using and defining methods. Class and use-case modelling using UML; interactions between classes; developing systems of classes; testing and validation techniques; user-interface development. \rThis module develops discrete mathematical concepts, techniques and principles related to software development, such as (but not limited to): linear algebra, logic, set theory, functions and relations.\r','This module is taught through a programme of lectures, laboratory workshops, group exercises and tutorials. Formative in-class assessment is employed both to develop a deeper understanding of the subject and to rehearse technique for the summative assessments.',NULL,'Useful:\r\rHaggarty, R., Discrete Mathematics for Computing (Addison Wesley, 2001)\r\rPiff, M., Discrete Mathematics: An Introduction for Software Engineers (Cambridge University Press,1991)\r\rLiberty, J., Learning C# 2005, (O?Reilly, 2006)\r\rBritton, C., Doake, J., A Student Guide to Object Oriented Development (Butterworth ? Heinemann, 2004)\r\rGood reading, but not essential:\r\rLiberty, J., Programming C# 4th edition (O?Reilly, 2005)\r\rDrayton, P., C# Language Pocket Reference (O?Reilly, 2002) \r\rOr other object oriented programming languages as appropriate. \r',NULL),
	('CMP1003M','Computer Systems',1,'Computing',15,'1',4,'This module introduces the student to computer hardware, the history of computer, data representation and manipulation at the byte level, basic machine instructions, the operation of the fetch-execute cycle, the characteristics of main and cache memory, I/O control and the inner working of disk storage. This module also presents the most popular hardware architectures and provides a basic introduction to microcontrollers.','Background knowledge:\rThe history of computers\rStandard units and performance measures\rNumber systems: binary and hexadecimal systems, conversions between different systems, binary arithmetic operations\rData representation: \rnumbers (integers, real numbers), characters, media\rLogic: Boolean algebra, logic gates, combinational and sequential circuits\rThe structure and function of the computer:\rCPU: program execution, the flow of control: jumping, branching, subroutines, interrupts; machine instructions, addressing modes, parallelism\rMemory: types of memory, memory hierarchy, semiconductor memory, cache memory, types of cache mapping\rI/O devices: classification, I/O control methods, external storage: hard drives and optical disks\rBuses: function and classification\rThe architecture example: x86 architecture\rMicrocontrollers: memory, I/O ports, timers, watchdog timer, serial communication, A/D converters\r\rThis module develops the following mathematical concepts and techniques:\rNumber systems: binary and hexadecimal systems, conversions\rbetween different systems, binary arithmetic\rData representation: numbers (integers, real numbers),\rcharacters, media\rLogic: Boolean algebra, logic gates, combinational and\rsequential logic\r','This module is taught through a program of lectures which introduce and discuss core concepts and issues. The lectures are supported by practical workshops and assigned readings. Formative in-class assessment is employed both to develop a deeper understanding of the subject and to rehearse technique for the summative assessments.',NULL,'Null, L. &  Lobur, J., The essentials of computer organization and architecture, 2nd edition (Jones and Bartlett Publishers, 2006)\r\rStallings, W., Computer Organization and Architecture: Designing for Performance, 7th ed (Prentice Hall, 2005)\r\rTanenbaum, A., Structured Computer Organisation, 5th edition (Prentice Hall, 2006) \r',NULL),
	('CMP1005M','Operating Systems',1,'Computing',15,'1',5,'This module studies both the theoretical design concepts which underpin all operating systems and, through case-studies, the practical implementation techniques of current operating systems. Special attention will be given to shell programming languages and examples to practically implement concepts and techniques at the basis of the various operating systems	','Basic introduction to Operating Systems.\rReview of Operating Systems: Development and evolution, different types.\rComputer architecture, I/O programming and resource management.\rThe concept of Process: Process Management: Process creation and switching. Scheduling. Memory Management: Address space issues, segmentation. Virtual memory.\rInter-process Communication; pipes\rDeadlock: Conditions for deadlock and its avoidance.\rInput-output systems: Programmed I/O, DMA, device drivers\rFile systems: File management, directories, RAID.\rIntroduction to shell programming: Bash shell, Awk, PERL\r','This module is taught through a program of lectures which introduce and discuss core concepts and issues. The lectures are supported by practical workshops and assigned readings. Formative in-class assessment is employed both to develop a deeper understanding of the subject and to rehearse technique for the summative assessments.',NULL,'Stallings, W., Computer Organisation and Architecture 6th Edition (Prentice-Hall, 2005)\r\rRitchie, C., Operating Systems Incorporating UNIX and Windows 4th Edition (Thomson, 2003)\r\rStallings, W., Operating Systems: Internals and Design Principles (Prentice-Hall, 2004).\r\rTanenbaum, A. & Woodhull, A.S., Operating Systems: Design And Implementation 3rd edition (Prentice Hall, 2006) \r	',NULL),
	('CMP1007M','Social Computing',1,'Computing',15,'1',20,'Social computing is concerned with the intersection of human social behavior and computer science. This module gives an overview of the established role that social computing plays in society as well as exploring the emerging trends in the area.','The module will cover the role of social computing in established areas such as blogs, email, instant messaging, social network services (such as Facebook and MySpace), wikis, mash-ups and social bookmarking, as well as in emerging areas such micro-blogging, mobile social software (MoSoSo) services, and persuasive and locative technology. The module will discuss the growing popularity of social software and Web 2.0 technology, the application of social network analysis to such technology, and the sense that all of this can have a profound and sustained impact on everyday life. The module will, also, cover the following: the theories underlying computer mediated communication (CMC), crowd sourcing and citizen science, emerging examples of persuasive technology and games with a purpose, and shared virtual environments.','A combination of lectures and workshops are used, to enable the learning outcomes to be achieved and demonstrated. Formative in-class assessment is employed both to develop a deeper understanding of the subject and to rehearse technique for the summative assessments.',NULL,'Shirky, C.  Here Comes Everybody: The Power of Organizing without Organizations (Allen Lane, 2008)\r\rJones B. L.,  Web 2.0 Heroes: Interviews with 20 Web 2.0 Influencers (John Wiley & Sons, 2008)\r\rWang, F.-Y., K. M. Carley, D. Zeng, & W. Mao (2007). Social computing: From social informatics to social intelligence. IEEE Intelligent Systems 22(2), 79?83.\r\rTapscott, D. & Williams, A. D., Wikinomics: How mass collaboration changes everything (Portfolio, 2006)\r\rRecent issues of the journal Computers in Human Behaviour (Elsevier) (http://www.elsevier.com/wps/find/journaldescription.cws_home/759/description) \r',NULL),
	('CMP1008M','Introduction to User Interfaces',1,'Computing',15,'1',20,'This module introduces the basic concepts and practice in the design of user interfaces for interactive applications. Students will be introduced to the basic principles of interaction design, and  prototyping, and will implement a simple interactive system.','Principles of interactivity and interaction design.\rStoryboards and prototyping.\rScreen design and layout.\rMenu design.\rImplementation and testing.\r','This module is taught through a programme of lectures that introduce core concepts and issues. These are explored through seminar discussions, practical workshops and independent study. Formative in-class assessment is employed both to develop a deeper understanding of the subject and to rehearse technique for the summative assessments.',NULL,'Brown, C. M., Human-Computer Interface Design Guidelines (Intellect books, 1999)\r\rJohnson, J., GUI Bloopers Don\'ts and Do\'s for Software Developers and Web Designers (Morgan Kaufman, 2000)\r\rKrug, S., Don\'t Make Me Think (New Riders, 2000) \r\rLe Peuple, J. & Scane, R., User Interface Design (Crucial, 2003) \r',NULL),
	('CMP1009M','Information Systems',1,'Computing',15,'1',3,'The module seeks to raise awareness of the nature, purpose and structure of organisations in their many forms. The module explores the composition of organisations and how they operate to yield purpose. Systems tools and methodologies are investigated as a way of understanding organisational structure and dynamics.','Introduction to organisations and systems. \rInformation, systems and information systems. \rBusiness Information Systems. \rInformation Systems Modelling. \rUse and Impact of Information Systems. \rOrganisation, theory, structure, processes, culture. \rIntroduction to Information Systems analysis and design.\r','A combination of lectures, and plenary sessions are used to enable the outcomes to be achieved and demonstrated. Formative in-class assessment is employed both to develop a deeper understanding of the subject and to rehearse technique for the summative assessments.',NULL,'Beynon-Davies P., Information Systems: An Introduction to Informatics in Organisations (Macmillan, 2002) \r\rCurtis G, & Cobham, D., Business information systems: analysis, design and practice, 6th Edition (Prentice Hall, 2008)\r\rLanger, A. M., Analysis and Design of Information Systems (Springer, 2008)\r\rLaudon J, and Laudon P. Management Information Systems: Managing the Digital Firm (Prentice Hall, 2007) \r',NULL),
	('CMP1032M','Problem Solving',1,'Computing',15,'1',1,'Problems are a natural occurrence in an organisational context and this module introduces students to problem solving from a mix of theoretical and practical underpinnings.  The module examines the principles of abstraction, decomposition, modelling and representation as a means to frame and characterise problem scenarios, and as tools to understand potential solutions. The module concentrates on problem solving strategies and in particular the vocabulary through which these strategies are articulated.  This type of vocabulary is explored as a representational device for capturing organisational behaviour and form.','Introduction to problem solving. \rComplexity and problem boundaries.\rProblem characterisation.\rProblem solving models. \rThe vocabulary of problem solving.\rProblem solving tools.\rManaging problems in an organisational context.\rPre-packaged solutions to generic problems.\r','A combination of lectures, and plenary sessions are used to enable the outcomes to be achieved and demonstrated. Formative in-class assessment is employed both to develop a deeper understanding of the subject and to rehearse technique for the summative assessments.	',NULL,'Adair, J., Decision Making and Problem Solving Strategies. (Kogan-Page, 2007)\r\rBrown, D. Tricks of the Mind. (Channel 4 Books, 2007) \r\rGrabarchuk S., et al, The Simple Book of Not-so-simple Puzzles. (A K Peters, 2008) \r\rRobertson, S.I., Problem Solving. (Psychology Press, 2001) \r',NULL),
	('CMP1035M','Data Structures',1,'Computing',15,'1',1,'The module provides students with an introduction to the techniques for representing data, and fundamental data structures.  No particular programming language is adopted to support the module, examplars are given using a range of common languages to further the broad application of the principles discussed.','Simple data types and the application of compound records in programming and  database table design. Introduction to the fundamentals of data analysis.  Complex data types and their use.  Static and dynamic data structures.  Common data structures and their typical application, including but not limited to :\n<ul>\r	<li>Arrays</li>\r	<li>Stacks</li>\r	<li>Queues</li>\r	<li>Dequeues</li>\r	<li>Linked Lists</li>\r	<li>Doubly Linked Lists</li>\r	<li>Binary Trees</li>\r</ul>','This module is taught through a programme of lectures that introduce core concepts and issues. These are explored and developed through practical workshop activities and independent study. Formative in-class assessment is employed both to develop a deeper understanding of the subject and to rehearse technique for the summative assessments.',NULL,'Brookshear, J. G., Computer Science an overview, 10th edition, (Pearson, 2008)\r \rStallings, W., Data and Computer Communications, 8th edition, (Prentice Hall, 2006)\r\rWeiss, M. A., Data Structures & Algorithm Analysis in Java, (Prentice Hall, 1999)\r\rWirth, N., Algorithms and Data Structures (Prentice Hall, 1986) \r',NULL),
	('CMP1036M','Maths for Computing',1,'Computing',15,'1',2,'This module aims to equip students with mathematical knowledge and skills required to design and develop computer systems and software.','Sets, relations and functions:\r	Operations on sets, laws of set operations, properties of relations.\r\rLogic:\r	Propositions, truth tables, operators, Boolean algebra.\r\rBasic calculus:\r	Derivatives, integrals, limits, maxima, minima.\r\rAlgebra:\rLinear and polynomial algebra, vector and matrix algebra. Trigonometric, exponential and logorithmic functions.\r \rBasic Statistics:\rIntroductory concepts, mean, median, mode, standard deviation, variance, confidence and significance. Introduction to probability theory.\r','Students attend a programme of lectures supported by workshops.',NULL,'Croft, A., Davison, R., Foundation Maths 4th ed, Prentice Hall, 2006.\r\rPiff, M., Discrete Mathematics: An Introduction for Software Engineers, Cambridge University Press, 1991.\r\rTruss, J., Discrete Mathematics for Computer Scientists 2nd ed, Addison Wesley, 1998. \r',NULL),
	('CMP1037M','Introduction to Web Technologies',1,'Computing',15,'1',20,'The module provides students with an introduction to the development and application of web technologies from first principles. Students will learn key concepts in mark-up languages, and will develop and implement a simple interactive web site incorporating simple server-side functionality. The module adopts a\rstandards driven approach, requiring students to clearly discriminate between content, structure and presentational elements in web design. Issues of quality, standards, usability and accessibility are discussed.\r\r','The origins and development of the internet and markup technologies. The idea of\rdocument type and its specification in a DTD. \rStandards and professional practice, including W3C standards, WAI. and WCAG. The issues, principles and practice of structural vs presentational markup. \rIntroduction to structural markup technologies such as HTML, XML. Introduction to\rpresentational markup using style sheets.\rImplementation of a simple interactive website with simple server-side functionality.\r','A lecture programme will introduce concepts and theoretical issues, which will be supplemented by practical lab-based workshops.',NULL,'Buyens, J., Web database development step by step (Microsoft Press, 2002)\rEaglestone, B. & Ridley, M., Web database systems (McGraw Hill, 2000)\rLeedorf, R. & Tatroe, K., Programming PHP (O\'Reilly 2002)\rMusciano, H. & Kennedy, W. HTML and XHTML: The Definitive Guide (O?Reilly UK,\r2002)\rNiederst, J., Learning Web Design 2nd ed (O?Reilly, 2003)\rPaciello, M.G. Web Accessibility for People with Disabilities (CMP books, 2000)\rPeck, S., Williams, G. & Arrants, S. Structure vs Style in Website Development.\rProceedings of the ACM, 1999, 12(3)pp 100-110\rShafer, D. & Andrews, R. HTML Utopia: Designing Without Tables Using CSS, 2nd Edition (SITEPOINT 2006) \rSklar, D., Learning PHP 5 (O?Reilly, 2004)\rSlatin, J., &  Rush, S. Maximum Accessibility (Addison Wesley 2003)\rWelling, L. & Thomas, L., PHP and MYSQL Web Development (Sams, 2003)\r\rMiscellaneous on-line resources, including: The Worldwide Web Consortium,\rhttp://www.w3c.org and Web Content Access Guidelines WCAG/WAI\rhttp://www.w3c.org (standards and best-practice materials relating to web technologies)\rwww.w3schools.com/ HTML and other web technologies tutorial material',NULL),
	('CMP2007M','Networks and Network Systems',1,'Computing',15,'2',1,'This module considers basic computer communications and networking with an emphasis on the Internet Protocol.\rThis module builds upon the level 1 introduction to computer networks and basic communication principles. The module examines the Internet Protocol as a model for intercommunication in modern network implementations. Additionally the module examines fundamental design features of a Network Protocol and the need to implement security in the modern Internet.\rThe module adopts a standards driven approach and determines methods used in modern network systems for the distribution of data. An emphasis on network infrastructure and protocols underpins the module together with basic security considerations important in modern network architectures. \rAspects of security concepts are extended to consider mechanisms that counter various forms of threat that exist from different sources.\r','Media types and classifications, topologies and interconnections. \rPrivate and public service provision. \rEmergent media and network protocols. \rRepeating, bridging, routing in local, wide, campus and metropolitan area networks. \rInternational and national standards. \rProtocols and addressing mechanisms; IP Addressing and Subnetting.\rSustainability in the Network and the emergence of new network standards. \rThreats posed by the Internet, specifically hackers and viruses. \rIntroduction of Firewalling and secure network access.\rNetwork services supporting the internet.\r','This module is delivered through a programme of lectures and plenary sessions, supplemented by workshop activities to introduce students to further additional researched and class based activities. Formative in-class assessment is employed both to develop a deeper understanding of the subject and to rehearse technique for the summative assessments.',NULL,'Comer, D. E., Internetworking With TCP/IP Volume 1: Principles Protocols, and Architecture, 5th edition (Prentice Hall 2006)\r\rStallings, W. Data and Computer Communications, 8th edition (Prentice Hall, 2006) \r',NULL),
	('CMP2017M','Project Management',1,'Computing',30,'2',3,'Project Management Tools and Mechanisms; Group management and team based working; Project requirements negotiation and capture; Presentational skills; Design processes and design tools; Support Tools for Group and Project Management (artefact management, groupware, software based support tools as appropriate, dependent upon the nature of the project).','This module aims to provide students with the experience of working as part of a team on a development project. Students will produce a set of deliverables relevant to Computing, including a finished product or artefact. Final deliverables will be negotiated between the group and their supervisor, the module coordinator will be responsible for ensuring that each project covers the learning outcomes of the module. Groups are expected to manage their own processes, and to hold regular meetings both with and without their supervisor. Groups will be allocated by the module coordinator and other members of staff. The process of development of the artefact and the interaction and management of group members underpins the assessment of skills in the module.','Initial theoretical material will be covered in lectures that cover project management skills, communications skills, time management, group dynamics and group management, presentation skills and report writing. Each group\'s work will be overseen by a nominated supervisor. Groups will be expected to meet together regularly, both with and without their supervisor present. Records of meetings and individual logs of development form an important part of student development throughout the module and may be scrutinised at later stages to establish the extent of individual contribution to the group.',NULL,'Dawson, Christian W., The Essence of Computing Projects: A Student?s Guide (Prentice Hall, 2000)\r\rMeans, J., & Adams, T., Facilitating the Project Lifecycle: The Skills & Tools to Accelerate Progress for Project Managers, (Jossey Bass Business and Management Series, 2005)\r\rFincher, S., Petre, M. & Clark, M. (Eds) Computer Science Project Work: Principles and Pragmatics (Springer, 2001)\r\rGarton, C., & McCulloch, E., Fundamentals of Technology Project Management (MC Press, 2005)\r\rHight, J. & Novak, J., Game Development Essentials: Game Project Management (CENGAGE Delmar Learning, 2007)\r\rSchwalbe, K., Information Technology Project Management, 5th edition (Course Technology, 2007)\r\rCloud. H. & Townsend, J., Making Small Groups Work (Zondervan, 2003) \r',NULL),
	('CMP2018M','Business Processes',1,'Computing',15,'2',3,'This module aims to develop awareness of the ways in which informatics can be used to support business processes. It will consider how various business processes contribute to the realisation of organisational goals and how informatics can contribute to this, and aims to develop an awareness of the frameworks and processes through which data may be transformed into information. Further, the module addresses the issue of effective, professional, communication with a given audience by reviewing the role of statistical approaches and presentation devices in contemporary informatics. Consideration will be given to the concept of desirable levels of integration and the awareness of the dynamic nature of organisations when designing information systems. It will also include consideration of both production and service sectors.','Introduction to Operations Management. \rHuman Activity Systems.\rThe importance of decision-making. \rInformation capture and knowledge engineering. \rIssues in systems provision e.g. large systems and small systems, in-house development and external sourcing. \rLevels of systems integration. \rFeatures and problems of various decision areas e.g. process design, capacity planning, stock management, human resources and quality management. \rData analysis: popular distributions and their typical applications. \rData mining; data warehousing. \rData presentation: narrative, tables and graphs; human factors, aesthetics and technique in data presentation. \rStrategic issues in business and technology.\rSuccess and failures of IS.\rImpact of culture on IS/ Impact of IS on culture.\rOrganisation process; Business Process design and redesign, Porter?s value chain, modelling organisational processes.\rEconomic, social and political environments of organisations.\r','This module is taught through a programme of lectures which introduce and discuss core concepts and issues. Lectures are supplemented with plenary seminars to further explore and discuss the concepts raised in the lecture programme, and to explore design issues. Formative in-class assessment is employed both to develop a deeper understanding of the subject and to rehearse technique for the summative assessments.',NULL,'Curtis G, and Cobham, D. Business information systems: analysis, design and practice: 6th Edition (Prentice Hall, 2008)\r\rGoodwin, P., Wright, G., Decision Analysis for Management Judgment (Wiley, 2004)\r\rHeineke, D., Managing Services: Using Technology To Create Value (McGraw-Hill, 2003)\r\rLucas, T., Information Technology for Management (McGraw-Hill, 1999)\r\rSchroeder, R., Operations Management, & Contemporary Concepts (McGraw-Hill, 2000)\r\rTurban, E., Information Technology for Management: Transforming Business in the Digital Economy (Wiley, 2001) \r',NULL),
	('CMP2019M','Human-Computer Interaction',1,'Computing',15,'2',8,'This module aims to develop an appreciation of the importance of human factors and user-centred approaches in the development of technological systems.\r\rIt introduces physiological, psychological and cognitive issues relevant to human-computer interaction and user interface design, together with user-centred methods, tools and techniques for analysing, designing, implementing and evaluating interactive systems.\r','Introduction and background to the discipline of HCI.\rUser analysis : humans as computer users ; physiology ; attention and perception ; cognitive abilities ; learning ; user modelling\rTask analysis & task design\rInterface design\rUsability analysis and evaluation :methods and techniques\r	','This module is taught through a programme of lectures that introduce core concepts, issues and techniques. These are explored and developed through seminars and small group discussions, practical workshop activities and independent study. Formative in-class assessment is employed both to develop a deeper understanding of the subject and to rehearse technique for the summative assessments.',NULL,'Cooper, A. & Reimann, R. About Face 2.0 The Essentials of Interaction Design (Wiley, 2003)\r\rLazar, J. (Ed.) Universal Usability Designing Computer Interfaces for Divers Users (John Wiley & Sons, 2007)\r\rNorman, D. A.  The Design of Everyday Things (Basic Books, 2003)\r\rSharp, H., Rogers, Y. & Preece, J. Interaction design: beyond human-computer interaction, Chichester (John Wiley, 2007)\r\rShneiderman B.  Designing the User Interface: Strategies for Effective Human-computer Interaction, 4th Edition (Addison Wesley, 2004)\r\rLe Peuple, J., & Scane, R User Interface Design  (Crucial, 2003)\r\rDix, A., Finlay, J., Abowd, G.D., Beale, R  Human Computer Interaction 3rd Edition (Prentice Hall, 2003)\r\rBenyon, D., Turner, P., Turner, S. Designing Interactive Systems (AddisonWesley, 2004)\r\rNeilsen, J. Designing Web Usability: The Practice of Simplicity (Peachpit Press, 2000) \r\r',NULL),
	('CMP2020M','Artificial Intelligence',1,'Computing',15,'2',9,'This module provides a basic introduction to the field of Artificial Intelligence (AI). The module first considers the symbolic model of intelligence, exploring some of the main conceptual issues, theoretical approaches and practical techniques. The module further explores knowledge-based systems such as expert systems, which mimic human reasoning performance by capturing knowledge of a domain and integrating it to deliver a performance comparable to that of a human practitioner. Modern developments such as artificial neural networks and uncertain reasoning using probability theory are also covered, culminating in a practical understanding of how to apply AI techniques in practice using logic programming.','Introduction to AI. Logic programming. State space search. Heuristic search. Knowledge representation. Expert systems. Artificial neural networks. Reasoning with uncertainty. Practical programming in PROLOG.\r\rThis module develops the following mathematical concepts and techniques: propositional logic, first-order predicate logic, unification, graph theory, probability theory.\r','A combination of lectures, workshops and seminars will be used to enable the outcomes to be achieved and demonstrated. Formative in-class assessment is employed both to develop a deeper understanding of the subject and to rehearse technique for the summative assessments.',NULL,'Callan, R., Artificial Intelligence (Palgrave Macmillan, 2003)\r\rCallan, R., The Essence of Neural Networks (Prentice Hall, 1998)\r\rCawsey, A., The Essence of Artificial Intelligence (Prentice Hall, 1998)\r\rLucas, R.J., Mastering Prolog (UCL Press, 1996)\r\rLuger, G.F. and Stubblefield, B., Artificial Intelligence 3rd edition (Addison Wesley, 1997)\r\rLuger, G.F., Artificial Intelligence 5th edition (Addison Wesley, 2005) \r',NULL),
	('CMP2060M','Database Systems',1,'Computing',15,'2',10,'This module explores the issues in the design, implementation and use of database technologies which requires the student to develop a conceptual view of database theory and then transform it into practical implementation of a database application.','Definition and key characteristics of a database. \rRole and functionality of a DBMS; detailed analysis of RDBMS (relational model). \rDesign: entity relationship modelling (data modelling) and relational data analysis (normalisation). \rQuery language; SQL. \rDatabase security and integrity. \rDatabase administration.\r	','This module is taught through a programme of lectures which introduce and discuss core concepts and issues. Lectures are supplemented with plenary seminars to further explore and discuss the concepts raised in the lecture programme, and to explore design issues. Formative in-class assessment is employed both to develop a deeper understanding of the subject and to rehearse technique for the summative assessments.',NULL,'Codd, E. F., A Relational Model of Data for Large Shared Data Banks in Communications of the ACM (13(6) 1970 pp 377-387.1)\r\rDate, C. J., An Introduction to Database Systems, 7th edition (Addison-Wesley, 2000)\r\rMcFadden, F. R., Hoffer, J. and Prescott, M. B., Modern Database Management (5th edition), (Addison-Wesley, 1999)\r\rConnolly, T., Begg, C. and Strachan, A., Database Systems: A Practical Approach to Design, Implementation and Management (Addison-Wesley, 1996)\r\rMcFadyen/Kanabar, An Introduction to SQL (Wm. C. Brown Publishers, 1991) \r',NULL),
	('CMP2061M','Computer Information Systems Group Project',1,'Computing',30,'2',3,'This module aims to provide students with the experience of working as part of a team on a development project. Students will produce a set of deliverables relevant to Computing, including a finished product or artefact. Final deliverables will be negotiated between the group and their supervisor, the module coordinator will be responsible for ensuring that each project covers the learning outcomes of the module. Groups are expected to manage their own processes, and to hold regular meetings both with and without their supervisor. Groups will be allocated by the module coordinator and other members of staff. The process of development of the artefact and the interaction and management of group members underpins the assessment of skills in the module.','Project Management Tools and Mechanisms; Group management and team based working; Project requirements negotiation and capture; Presentational skills; Design processes and design tools; Support Tools for Group and Project Management (artefact management, groupware, software based support tools as appropriate, dependent upon the nature of the project).','Initial theoretical material will be covered in lectures that cover project management skills, communications skills, time management, group dynamics and group management, presentation skills and report writing. Each group\'s work will be overseen by a nominated supervisor. Groups will be expected to meet together regularly, both with and without their supervisor present. Records of meetings and individual logs of development form an important part of student development throughout the module and may be scrutinised at later stages to establish the extent of individual contribution to the group.',NULL,'Dawson, Christian W., The Essence of Computing Projects: A Student?s Guide (Prentice Hall, 2000)\r\rMeans, J., & Adams, T., Facilitating the Project Lifecycle: The Skills & Tools to Accelerate Progress for Project Managers, (Jossey Bass Business and Management Series, 2005)\r\rFincher, S., Petre, M. & Clark, M. (Eds) Computer Science Project Work: Principles and Pragmatics (Springer, 2001)\r\rGarton, C., & McCulloch, E., Fundamentals of Technology Project Management (MC Press, 2005)\r\rSchwalbe, K., Information Technology Project Management, 5th edition (Course Technology, 2007)\r\rCloud. H. & Townsend, J., Making Small Groups Work (Zondervan, 2003)\r\rNicholas, J. M., Project Management for Business and Technology: Principles and Practice, 2nd edition (Prentice Hall, 2000)\r\rSharp, J.A., Peters, J. & Howard, K. The Management of a Student Research Project 3rd Edition (Gower, 2003) \r',NULL),
	('CMP2062M','Advanced Software Development',1,'Computing',30,'2',7,'This module provides a comprehensive analysis of the general principles and practices of advanced programming with respect to software development.\rSoftware development issues and techniques are considered from an high-level perspective and notions of advanced programming are emphasised in the context of analysis, design and implementation. Great importance is placed upon the Object-Oriented paradigm and related concepts applied to software development.\r','Encapsulation, composition, object reference, overloading, garbage collection.\rInheritance, overriding, polymorphism, introduction to design patterns.\rExceptions, containers, I/O system, serialization, GUI.\r\rThis module develops mathematical mathematical concepts, techniques and principles related to software development, such as: software complexity, software coupling and cohesion.\r','This module is taught through a programme of lectures that introduce and discuss core concepts and issues. Practical workshops offer the opportunity for students to practically apply topics covered within the lecture programme and in the module\'s recommended textbooks. Workshops support students to review their understanding of the module\'s lectures, assigned readings, and applying them in the practical work involved in the assignments. Formative in-class assessment is employed both to develop a deeper understanding of the subject and to rehearse technique for the summative assessments.',NULL,'Eckel B., Thinking in Java, 3rd edition (Prentice Hall, 2003). \r\rEckel B., Thinking in C++, Vol. 1, 2rd edition (Prentice Hall, 2000). \r\rEckel B. & Chuck A.,Thinking in C++, Vol. 2, 2rd edition (Prentice Hall, 2000). \r\rLunn, K., Software Development with UML (Palgrave Macmillan, 2003) \r',NULL),
	('CMP2066M','Computer Science Group Project',1,'Computing',30,'2',6,'This module aims to provide students with the experience of working as part of a team on a development project. Students will produce a set of deliverables relevant to Computing, including a finished product or artefact. Final deliverables will be negotiated between the group and their supervisor, the module coordinator will be responsible for ensuring that each project covers the learning outcomes of the module. Groups are expected to manage their own processes, and to hold regular meetings both with and without their supervisor. Groups will be allocated by the module coordinator and other members of staff. The process of development of the artefact and the interaction and management of group members underpins the assessment of skills in the module.\n','Project Management Tools and Mechanisms; Group management and team based working; Project requirements negotiation and capture; Presentational skills; Design processes and design tools; Support Tools for Group and Project Management (artefact management, groupware, software based support tools as appropriate, dependent upon the nature of the project).','Initial theoretical material will be covered in lectures that cover project management skills, communications skills, time management, group dynamics and group management, presentation skills and report writing. Each group\'s work will be overseen by a nominated supervisor. Groups will be expected to meet together regularly, both with and without their supervisor present. Records of meetings and individual logs of development form an important part of student development throughout the module and may be scrutinised at later stages to establish the extent of individual contribution to the group.',NULL,'Dawson, Christian W., The Essence of Computing Projects: A Student?s Guide (Prentice Hall, 2000)\r\rMeans, J., & Adams, T., Facilitating the Project Lifecycle: The Skills & Tools to Accelerate Progress for Project Managers, (Jossey Bass Business and Management Series, 2005)\r\rFincher, S., Petre, M. & Clark, M. (Eds) Computer Science Project Work: Principles and Pragmatics (Springer, 2001)\r\rGarton, C., & McCulloch, E., Fundamentals of Technology Project Management (MC Press, 2005)\r\rSchwalbe, K., Information Technology Project Management, 5th edition (Course Technology, 2007)\r\rCloud. H. & Townsend, J., Making Small Groups Work (Zondervan, 2003)\r\rNicholas, J. M., Project Management for Business and Technology: Principles and Practice, 2nd edition (Prentice Hall, 2000)\r\rSharp, J.A., Peters, J. & Howard, K. The Management of a Student Research Project 3rd Edition (Gower, 2003) \r',NULL),
	('CMP3019M','Entrepreneurship and Innovation',1,'Computing',30,'3',3,'Entrepreneurship has many meanings but can be thought of as ?a spirit of creative thinking and innovation that embraces an entire organisation?*. An alternative perspective is that entrepreneurs ?develop innovations, create jobs, and contribute to a more vibrant national and global economy?. Some of the traits which are often attributed to the entrepreneur include: initiative, imagination, flexibility, creativity, a willingness to think conceptually, and the capacity to see change as an opportunity. This unit provides the business context for activities supported by and delivered through computing technologies. Students investigate the drivers for modern Electronic Business and consider enterprise applications from a business viewpoint. Students will explore the process of taking a technologically grounded idea and develop a business environment which exploits its merits. The Entrepreneurial perspective considers business development as a holistic process, students will engage with this notion throughout the unit.\r*http://instruct1.cit.cornell.edu/courses/cuttingedge/entrepreneurshi_matl/02_entrep.html\r','Characteristics of entrepreneurs; Intrapreneurship; Creative destruction as a concept of entrepreneurial activity; Social entrepreneurship. Differing motivations: Survival entrepreneurs; Lifestyle entrepreneurs; Growth entrepreneurs; Serial entrepreneurs. IT and IS strategy development; Business Process analysis, Change and Support; selected e-Business themes; Business planning and finance analysis; Breakeven sales analysis, Capital budgeting; Group working; Creative problem solving; The Value Innovation approach; Risk analysis and risk management; Professionalism and Social Responsibility; Communication and Motivation perspectives.','Subject material will be presented for debate. Students will adopt an experiential approach to evaluate issues in entrepreneurial activity. Guest speakers will be used (where possible) to highlight critical aspects of the subject.',NULL,'Robert McGarvey and Melissa Campanelli; Start Your Own e-Business, Your Step-by-Step Guide to Success; Entrepreneur Press, 2005\rSteven K.Gold; Entrepreneur?s Notebook, Practical advice for starting s new business venture; Learning Ventures Press, 2004-2008\rAndrew Mawson, The Social Entrepreneur, Making Communities work; Atlantic Books, London, 2008\rPeter F. Drucker; The Discipline of Innovation; Harvard Business Review, November-December, 1998\rBill Bolton and John Thompson Entrepreneurs: Talent, Temperament, Technique Elsevier, 2004)\rDave Chaffey and P.R. Smith, EMarketing Exellence, (Elsevier, 2nd\rEdition, 2005).\rDave Chaffey, E-business and E-commerce Management, (Prentice\rHall, 2003).\rDave Chaffey, Total E-Mail Marketing, Butterworth Heinemann, 2002.\rGraham Curtis, David Cobham (2005) Business Information Systems: Analysis Design and Practice, FT Prentice Hall.\rDrucker, P. Entrepreneurship in Business Enterprise, Journal of Business Policy, vol 1, 1970. \rThomas H. Davenport and Laurence Prusak, Working Knowledge: How Organizations Manage What They Know, Harvard Business School Press, 2000.\rMeredith Belbin, Management Teams - Why They Succeed or Fail, Heinemann, London, 1981.\rMeredith Belbin, Team Roles at Work, Butterworth Heinemann, London, 1993.\rMike Biere, Business Intelligence for the Enterprise, IBM Press - Prentice Hall, 2003.\rPeter Weill and J. Ross, IT Governance: How Top Performers Manage IT for Superior Results, Harvard Business School Press 2004. \rSchumpeter, J. (1950) Capitalism, Socialism, and Democracy, 3rd edition, Harper and Row, New York, 1950. \r',NULL),
	('CMP3022M','Software Engineering',1,'Computing',30,'3',6,'The module covers advanced topics of software engineering: the first semester is devoted to the analysis and improvement of software processes, and the second to the analysis and improvement of software products. Indicative topics for the first semester include Software Evolution, Software Reuse, the Agile Paradigm and the use of Empirical Studies in Software Engineering research; in the second term, indicative topics are  Software Architectures, Design Patterns, Refactoring and Software as a Service','Process topics\r\rSoftware as a Service, including Web Services\rSoftware Evolution and Reus\rSoftware lifecycle models (?Traditional? and ?Agile?)\rEmpirical Software Engineering\r\rProduct topics\r\rAdvanced use of UML and Object-Constraint Languages\rIntroduction to Software Architecture: key concepts\rArchitectural styles, examples and applications;\rDesign patterns; Models of architecture, and model-driven architecture\rRefactoring as a framework\r\rThis module develops the following mathematical concepts and techniques: discrete mathematics, proof, pre- and post-conditions; software complexity, software coupling and cohesion, software quality and maintenance indices.\r','This module is taught through a programme of lectures and directed reading, that introduce and discuss core concepts and issues in software engineering research. Seminars offer the opportunity for students to present the core ideas and concepts of selected research papers.',NULL,'Sommerville I., Software Engineering (8th edition) (Addison-Wesley, 2006). \r\rPressman R., Software Engineering (5th edition) (McGraw Hill, 2000).\r\rLunn, K., Software Development with UML (Palgrave Macmillan, 2003).\r\rHumphrey, W., Introduction to the Team Software Process (Addison Wesley Longman, 2000).\r\rGhezzi, C., Jazayeri, M., Mandrioli, D., Fundamentals of Software Engineering, 2nd edition (Prentice Hall, 2003).\r\rMaciaszek, L., Requirements Analysis and System Design: Developing Information Systems with UML (Addison Wesley, 2001).\r\rStiller, E., LeBlanc, C., Project-Based Software Engineering: An Object-Oriented Approach (Addison Wesley, 2002).\r\rGold, J., Object-Oriented Game Development (Addison Wesley, 2004).\r\rMeyer, B., Object-Oriented Software Construction 2nd Edition (Prentice Hall, 1997).\r\rvan Vliet, H. Software Engineering: Principles and Practice (Wiley, 2000).\r\rBCS, BCS Code of Conduct, http://www.bcs.org/BCS/AboutBCS/codes/conduct/ Version 2.0, September 2001.\r\rVarious on-line resources. \r',NULL),
	('CMP3059M','Professional Practice',1,'Computing',15,'3',1,'The module aims to develop an understanding of the basic cultural, social, legal, and ethical issues inherent in the discipline of computing; and to promote personal professionalism in the workplace.','The special nature of technological ethics.\rEthical decision-making and case analysis.\rEthics of software development.\rLegal issues.\rCodes of computer ethics and professional practice.\rGlobalisation of professionalism.\r','A combination of lectures and document directed discussion sessions are used to enable the learning outcomes to be achieved and demonstrated.',NULL,'Holman, T., Surround Sound: Up and Running 2 2nd edition (Focal Press, 2007)\r\rLehrman, P., The Pro Audio Insider\'s Bathroom Reader (Course Technology Inc, 2006)\r\rNisbett, A., 7th edition The Sound Studio: Audio Techniques for Radio, Television,\r\rFilm and Recording (Focal Press, 2003)\r\rSonnenschein, D., Sound Design: The Expressive Power of Music, Voice and Sound Effects in Cinema (Michael Wiese Productions, 2001) Adams, H., Computer Ethics (Pearson Education, 2005).\r\rBynum, T. W., Rogerson, S., Computer Ethics and Professional Responsibility (Blackwell Publishing, 2004). \r\rGeorge, J., Herrera, M., Social Issues of Computing (Prentice Hall, 2003).\r\rMaister, D. H., True Professionalism (Simon & Schuster, 2000).\r\rNorthcutt, S., IT Ethics Handbook: Right and Wrong for IT Professionals (Syngress Media, 2004).\r\rRitzer, G., The McDonaldization of Society (Sage, 2004).\r\rQuigley, M., Information Security and Ethics: Social and Organisational Issues (Idea Group Inc, 2004).\r\rQuinn, M., Ethics for the Information Age (Addison Wesley, 2004).\r\rTavani, H. T., Ethics in an Age of Information and Communication Technology (John Wiley & Sons, 2003).\r\rBritish Computer Society Code of Conduct 2006, available online at http://www.bcs.org/ \r',NULL),
	('CMP3060M','Project',1,'Computing',30,'3',1,'This module provides students with an opportunity to demonstrate their ability to work independently on an in-depth project with an implementation element that builds on their established knowledge, understanding and skills.  In the context of this module, implementation implies the generation of an output from one, or more, stages of the software development life cycle.  Students will normally be expected to demonstrate their ability to apply practical and analytical skills, innovation and/or creativity, and to be able to synthesise information, ideas and practices to provide a problem solution.  Self-management is a key concept here, as is the ability to engage in critical self-evaluation','The student in consultation with an academic supervisor determines the focus of the project; normally this focus will derive from the Project Proposal that was generated in the pre-requisite Project Preparation module.\rSupport sessions between the student and their academic supervisor will focus on the research process, conducting a project, project evaluation, technical report writing, and presenting the results of a project.\r','Learning in this module is managed and directed by the student under the guidance and support of an academic supervisor. In all cases students have a single supervisor who is responsible for overseeing the progress of the student from inception in the Project Preparation module, to submission.  The generally agreed format of meetings is one 15 minute meeting per week on an individual basis - this is negotiable between supervisors and students, for example many students opt for fortnightly 30 minute meetings.',NULL,'Dawson, Christian W. The Essence of Computing Projects: A Student?s Guide (Prentice Hall, 2000).\r\rFincher, S., Petre, M. and Clark, M. (Eds) Computer Science Project Work: Principles and Pragmatics (Springer, 2001).\r\rSharp, J.A., Peters, J. and Howard, K. The Management of a Student Research Project 3rd Edition (Gower, 2003). \r',NULL),
	('CMP3333M','Social Applications Development',1,'Computing',30,'3',12,'This module explores the issues that emerge when developing systems with separate components distributed across multiple computing and operating platforms. The module is comprised of two phases: the first part will focus on distributed systems development from a software development standpoint - the emphasis being at the applications level rather than at lower level network levels. The second phase of the module will then concentrate on the development and usage of applications on mobile platforms and, in particular, smart-phones. This will include an analysis of the technological capabilities of these devices, how mobile systems and devices differ from conventional ones, and how these differences must be taken into account during the design process. The module aims to give a solid grounding in developing networked applications using C# and Java, and an appreciation of contemporary issues facing internet applications developers, including the development of devices and applications for pervasive and ubiquitous computing scenarios.','The practical content in the first phase mainly focuses on the classes that are provided by modern programming languages for network programming: stream and datagram sockets and multicasting, URL\'s, remote procedure calls (eg Remote Method Invocation (RMI)) and spontaneous service discovery in ad hoc networks (e.g. Jini). The unit will adopt standards based approaches to specification and design of distributed systems and will cover the RFC strategy to the adoption of solutions. In addition to the programming content the module also covers a number of technologies and topics that have recently emerged as relevant to Internet programmers: large peer-to-peer (P2P) systems, using middleware and dealing with legacy software. The second phase of the module focuses in-depth on the programming of mobile devices (for instance using the Java Micro Edition). Sample applications will be used as case studies to explore types of mobile usage, from casual games through to data networked and context aware systems. Additionally, the module will also explore the commercial and social issues that are currently arising from the use of traditional, mobile and pervasive distributed systems.','This module is taught through a programme of lectures that introduce and discuss core concepts and issues. Students under-take their own skill development in software authoring by exploitation of a range of on-line tutorials and exercises. In addition, there are a number of more discursive lectures, dealing with both technical and social issues as well as cutting edge programming techniques. For these lectures students are directed to pursue independent reading of relevant literature.	',NULL,'Blum, R., C# Network Programming, 1st Edition (Sybex Wiley, 2003).\rMakofske, D. L., Donahoo, M. J., Calvert, K. L., TCP/IP sockets in C# : a practical guide for programmers (Elsevier, 2004)\rJones M, Marsden G., (2005) Mobile Interaction Design. John Wiley & Sons.\rRischpater, R. (2008) Beginning Java ME Platform. APRESS.\rLing, R. C., The Mobile Connection : The Cell Phone\'s Impact on Society 3rd edition (Morgan Kaufmann, 2004).\rGreenfield, A., Everyware: The Dawning Age of Ubiquitous Computing (New Riders, 2006)\rShirky, C (2009). Here Comes Everybody: The Power of Organizing Without Organizations. Penguin Books; Reprint edition. \r',NULL),
	('CMP3637M','Project Preparation',1,'Computing',15,'3',1,'This module provides students with the skills necessary to conduct an independent study project.  The output of this module will form the foundation for the Project module.  At the conclusion of this project the student should have formed a clear understanding of the aims and objectives of their final year project','Research skills.\rProject documentation.\rThe importance of ethics in research projects.\rWriting critically and analytically\r','A short series of lectures will provide students with skills required to complete an independent study project.  Further learning in this module is managed and directed by the student under the guidance and support of an academic supervisor.',NULL,'Dawson, C. W., The Essence of Computing Projects: A Student\'s Guide (Prentice Hall, 2000).\rSharp, J.A., Peters, J., & Howard, K., The Management of a Student Research Project 3rd edition (Gower, 2003). \r	',NULL),
	('CMP3639M','Business Intelligence',1,'Computing',30,'3',3,'Business Intelligence (BI) refers to technologies, applications, and practices for the collection, integration, analysis, and presentation of business information. The purpose of module is to understand the issues involved in the use of these ?tools? and how they might be applied to support better business decision making\rBusiness Intelligence systems are data-driven Decision Support Systems. BI systems provide historical, current, and predictive views of business operations, most often using data gathered into a data warehouses. Software elements support reporting, interactive \"slice-and-dice\" pivot-table analyses, visualization, and statistical data mining. Applications tackle sales, production, financial, and many other sources of business data for purposes that include, notably, business performance management. This module will also explore the issues associated with the management of technology-based projects; it will focus on the characteristics of successful and ?challenged? implementations. \rSpecifically, students are encouraged to reflect on the limits of certain forms of rational project modelling in conditions that are more accurately described in terms of uncertainty, complexity, risk and chaos.\r','Context and content of Business Intelligence\rBusiness intelligence software and applications tools\rBusiness Process engineering & Re-engineering;\rExecutive and Management Information Systems (EIS & MIS)\rBusiness Planning, Finance, and Budgeting\rData mining, farming, warehousing\rDecision Support Systems (DSS)\rKnowledge engineering and management\rReal time business intelligence\rCompetitive, statistical, and technical data analysis\rCustomer Relationship Management (CRM)\rDynamics of human decision-making\rCharacteristics of project failure\rRole of uncertainty, complexity, risk, and chaos in project management outcomes\rThe value of methodologies in project management\r','Theoretical issues are identified and developed through a series of lectures. These are supported by case examples discussed in seminar and tutorial activities. These will focus attention on student?s experience of the subject and use these experiences as a basis for further exploration and critique.',NULL,'Successful Business Intelligence: Secrets to Making BI a Killer App by Cindi Howson (Hardcover - 1 Jan 2008)\r\rBusiness Intelligence by Efraim Turban, Ramesh Sharda, Jay Aronson, and David King (Paperback - 10 May 2007)\r\rAxelrod, R., Harnessing complexity: organizational implications of a scientific frontier (Free Press, 2001). \r\rBeck U., Risk Society: Towards a New Modernity (Theory, Culture and Society) (Sage, 1992)\r. \rCurtis G, and Cobham, D. Business information systems: analysis, design and practice: 6th Ed, (Prentice Hall, 2008).\r\rMeyer, M. W., Zucker L. G., Permanently Failing Organizations (Sage, 1989). \r\rSanders, T. I., Strategic thinking, and the new science: planning in the midst of chaos, complexity, and change (Free Press, 1998). \r\rVon Glinow, M., Albers, S. (Eds) Managing complexity in high technology organizations (Oxford University Press, 1990). \r\rListon, K., Fischer, M., & Winograd, T., Focused Sharing of Information for Multi-disciplinary Decision Making by Project Teams Electronic Journal of Information Technology in Construction, 2001 Vol. 6, 69-81. \r',NULL),
	('CMP3641M','Computer Vision and Robotics',1,'Computing',30,'3',9,'This module aims to provide a broad introduction to the closely related fields of Computer Vision and Robotics, culminating in a practical understanding of how to apply and combine techniques from these fields in intelligent systems such as robots. The former part of the module concentrates on interpretation of digital images by computers, providing an understanding of the range of processing components involved from pixel-level to pattern recognition. The latter part of the module concentrates on applied Artificial Intelligence techniques from the field of Mobile Robotics, providing an understanding of the range of processing components required to build physically embodied robotic systems, from basic control architectures to human-robot interaction.','Computer Vision: fundamentals of digital image processing, introduction to pattern recognition, spatial processing and filtering, colour image processing, morphological image processing, image segmentation, image representation and description, pattern classification. Practical programming in MATLAB.\r\rRobotics: fundamentals of mobile robotics, control architectures for mobile robots, neural vision for robotics, mapping and self-localisation for robot navigation, people recognition and tracking for mobile robots, introduction to human-robot interaction.\r\rThis module develops the following mathematical concepts and techniques: set theory, probability theory, gradients and derivatives, vectors and matrices, linear algebra, applied Bayesian estimation, non-linear filtering.\r','A combination of lectures, workshops and seminars will be used to enable the outcomes to be achieved and demonstrated',NULL,'Bekey, G.A. Autonomous robots: from biological inspiration to implementation and control (MIT Press, 2005).\r\rDuda, R.O., Hart, P.E. and Stork, D.G., Pattern Classification 2nd edition (Wiley, 2001).\r\rGonzalez, R.C. and Woods, R.E., Digital Image Processing 2nd edition (Prentice Hall, 2001).\r\rGonzalez, R.C, Woods, R.E. and Eddins, S.L. Digital Image Processing Using Matlab (Prentice Hall, 2004).\r\rNehmzow, U., Mobile Robotics: A Practical Introduction (Springer, 2000).\r\rPratap, R., Getting Started with MATLAB 7: A Quick Introduction for Scientists and Engineers (Oxford University Press Inc, USA, 2005).\r\rShapiro, L.G., and Stockman, G., Computer Vision (Prentice Hall, 2001).\r\rSiegwart, R. and Nourbakhsh, I. Introduction to Autonomous Mobile Robots, MIT Press, 2004. \r',NULL),
	('FDS1104M','Policies, Markets and the Supply Chain',2,'Food Manufacture',15,'1',13,'The module will introduce the student to the concept of the supply chain and the factors, including global and local policies and markets, that impact upon it.\rThe students will investigate the needs of retailers, the importance of local supply and the skills needed to develop value-added products, which may increase market potential. The concepts of market orientation and businesses will be introduced.\r\rAll primary food production in the UK whether intensive (e.g. protected crops, high value crops, niche market products, intesive livestock) or extensive, (e.g. cereals potatoes, vegetables or grazing livestock) are subject  to legislation and trade agreements ratified at international and national level.  The imput from the individual into these agreements is, in most cases minimal, however the impact on the business is often immediate and of great consequence.  It is important therefore, that producers have an overview of these agreements and are able to understand how and in what context the legislation will affect their livelihood.\r\rThese preliminary concepts will be supported through the Food Commmodities module, further developed  in the Quality Management and Evaluation, with progression  to the Managing the Supply Chain, Operations and Resources module at level 3.\r\rIn terms of business management it is important to be aware of market trends and to meet the needs of your customer and or changing requirements and behaviour of consumers.  Current trends are witnessing the development of a wider range of niche markets, value added products, a resurgence in some global commodities and the delivery of ?public goods?, such as landscape, wildlife and access outputs. A new mindset may have to be adopted by primary producers and processors in terms of their market orientation and the adoption of new business models, such as a supply chain approach, to their businesses.  \r','The module will encourage the student to appreciate the overarching role that international agreements on trade play in the production of food on any scale in the UK. It is intended that the global perspectives and political dimensions, which impact on food production in the UK, be clearly outlined. This will enable the student to more easily assess the direction of the business and how to comply with the legislation and directives and the influence of the consumer. \r\rThe impact of new technologies on food production will be reviewed.\rTo this end, the module will involve a review of the CAP and SFP scheme and an examination of how currency and exchange rate fluctuations can affect the market and business opportunities of the primary producer.\r\rAs the importance of the market grows in relation to policies, market trends and consumer requirements are intrinsically linked and the producer must be equipped with the knowledge to enable them to recognise such trends and to react accordingly. The producer must be in a position to respond to market needs and be able to identify the market prior to production. \r','Teaching methods and learning strategy will include: lectures, seminars, tutorials, group and individual study, and where appropriate within the subject, visits to grower/processors; use of the arable and livestock enterprises at Riseholme Campus; and where appropriate food manufacturing sites or companies and invited speakers on specialist topics e.g. grain traders, millers, retailers.',NULL,'Reading materials for this module can be found at:\r\rwww.commercialgrower.co.uk \rwww.defra.gov.uk\rwww.dunnhumby.com \rwww.fao.org\rwww.statistics.defra.org\rwww.wto.org \r\rBlackwell, R.D., Miniord, P.W., Engel, J.F. (2006) Consumer Behaviour. 10th edition. Blackwell.\r\rBourlakis, M., Weightman, P.W.H. (2004) Food Supply Chain Management. Blackwell.\r\rFoxall, G.R. (2005) Understanding Consumer Choice. Palgrave Macmillan.\rFrewer, L and van Trijp,.H., eds, (2007) Understanding Consumers of Food Products. Woodhead.\r\rGustafsson, K., et al (2006) Retailing Logistics and Fresh Food Packaging: Managing Change in the Supply Chain. Kogan Page.\r\rHugos, M. (2003) Essentials of Supply Chain Management. Wiley & Sons.\rSarris, A. and Hallam, D., eds. (2006) Agricultural Commodity Markets and Trade: New Approaches to Analyzing Market Structure and Instability. Edward Elgar.\r\rSoil Association (2006) Organic Market Report 2006. Soil Association.\rSouthgate, D.D., Graham, D.H. and Tweeten, L. (2007) The World Food Economy.  Blackwell.\r',NULL),
	('FDS1105M','Food Commodities',2,'Food Manufacture',15,'1',14,'The module is aimed at obtaining an understanding of the production and use of main agricultural commodities used in the food manufacturing industry.   The module will investigate the whole supply chain, from farm to fork, the interrelationships between each stage of the chain and how this affects the quality of the food product and therefore acts as a bridge between the Policies, Markets and the Supply Chain and science-based modules.  The student will be introduced to the compositional qualities of food commodities e.g. gluten in cereal grains and casein in milk, that will have a potential impact on the market of the product.','The module will cover:\rThe production practises and supply of agricultural commodities, including milk, cereals, meat, fruit and vegetables.\rComposition and key characteristics of the major raw materials\rThe use of raw materials in the manufacture of food products\rThe causes of variability of raw material quality and its subsequent effect on the rest of the supply chain\r','Teaching methods and learning strategy will include: lectures, seminars, tutorials, group and individual study, and invited speakers on specialist topics e.g. exotic fruit importers. Lectures will be supported by a series of farm and food processor/manufacturer site visits e.g. dairy producer followed by cheese manufacturer, brassica growers followed by a fresh produce primary processor (depending upon availability and seasonality)',NULL,'Commodity Research Bureau (2010). The CRB Yearbook 2010. John Wiley and Sons\r\rFood and Agriculture Organization (2009) The State of Agricultural Commodities Market 2009: high food prices and the food crisis, experiences and lessons learned.\r\rFox B. and Cameron A.G. (2006) Food Science Nutrition and Health. 7th Edition. London Edward\r\rwww.defra.gov.uk\rwww.who.int\rwww.fao.org\rwww.hgca.com\rwww.freshinfo.com\rwww.potato.org.uk\rwww.indexmundi.com/commodities\rwww.ifpri.org\rwww.thefishsite.com\r\r\rJournal of Agricultural and Food Chemistry\rInternational Journal of Production Economics\rAmerican Journal of Agricultural Economics\rJournal of International Food and Agribusiness Marketing\rBritish Journal of Nutrition',NULL),
	('FDS1106M','Quantitative Methods',2,'Food Manufacture',15,'1',15,'This module is aimed at giving students the basic mathematical and statistical concepts for the qualitative description of processes and for the analysis of experimental data. The use of advanced programming software and numerical methods will be demonstrated. Applications of the theory in the areas of agriculture and food will be studied, with examples including sensory evaluation and data analysis; experimental design and statistical analysis for trial purposes; rates of application; volumes; capacity; flow rates; mass and heat transfer.','The module will cover:\r1.	basic differentiation and integration\r2.	differential equations ? first/second/linear\r3.	practical statistics and numerical methods; analysis of variance; inference for normal and non-normal populations\r4.	principles of correlation and linear regression \r5.	applications relevant to the agricultural and food industries\r','This module is taught through a programme of lectures, seminars and practical sessions. The students will be given the opportunity to generate data in their own field of interest, for example in heat transfer or field experimental trials. Although mainly taught through lectures, the students will be encouraged to apply mathemeatical theory to real life situations e.g conducting a sensory test or establishing a fungicide trial.',NULL,'Barnett, R. (2004). Schaum?s Outline of Theory and Problems of Elementary Algebra. 3rd Edition. McGraw-Hill.\rClewer A. G. and Scarisbrick D.H. (2001) Practical Statistics and Experimental Design for Plant and Crop Science. Wiley\rMendelson, E. (1997). Schaum?s Outline of Theory and problems of Beginning Calculus. 2nd Edition. McGraw-Hill\rSpiegel, M.R. (1999). Schaum?s Outline of Theory and Problems of Statistics. 3rd Edition. McGraw-Hill\r',NULL),
	('FDS1107M','Environmental Science',2,'Agriculture',15,'1',16,'Environmental science is a study of the whole environment and involves both biological organisms and the physical environment, and the interactions between them. It focuses on the processes within ecosystem and how the natural resources can be managed more effectively. This will undoubtedly become more important as we attempt to move towards a more sustainable economy. This could be achieved through sustainable management approach and controlling pollution which have equal application to land-based operations as well as food processors and manufacturers. The land-based students will investigate integrated land use patterns that will deliver the ecosystem services that humans depend upon; having a better understanding of our impact on the global ecosystem and discovering biological resources that may be used for medicines and fuels, whereas the food manufacturing student will begin to appreciate the impact of food production on the environment through waste generation. Conservation and environmental ethics, limiting the decrease in biodiversity, managing our natural resources, and social and economic factors are all part of environmental science.','The module introduces the student to the concepts of environmental science and provides an awareness of the consequences of increased human and environmental demands and climate change on global and local ecosystems. It focuses on the pollution and ecology of natural and managed systems and the impact of human activities on those systems, by introducing the key aspects of water pollution (surface and groundwater resources and the dispersion of pollutants in water systems and effects on water quality); atmospheric pollution (gaseous and particulates) and ozone depletion; soil as a source of pollution and as a transport medium for pollutants. The impact of human activities, including food processing, on biological systems and the conflicting pressures on land use for access, food, energy, landscape and biodiversity will be debated. ','Teaching methods and learning strategy will include: lectures, seminars, tutorials, group and individual study, and where appropriate within the subject, visits to primary processors, appropriate food manufacturing sites or companies and invited speakers on specialist topics e.g. the Environment Agency\rStudents will be given the opportunity to explore their own subject field through seminars, for example, the management of waste products arising from food manufacturing, or minimising water pollution during crop production. \r',NULL,'Materials relating to this module can be found at:\r\rwww.environment-agency.gov.uk\rwww.climateark.org\rwww.naturalengland.org.uk\rwww.online-ecosurvey.co.uk \rwww.defra.gov.uk  environmental protection section\rwww.hgca.com environment section\rwww.naei.org.uk National Atmospheric Emissions Inventory\rwww.ipcc.ch Intergovernmental Panel on Climate Change\rwww.airquality.co.uk\rwww.occ.gov.uk/activities/stern.htm The Stern Review, autumn 2006\rhttp;//assets.panda.org/downloads/living planet report.pdf  WWF Living Planet Report\rwww.bioregional.com/programme_projects/opl_prog/principles.htm Bio-Regional One Planet Living Programme\rwww.defra.gov.uk/environment/statistics/eiyp/pdf/eiyp2007.pdf Defra, The Environment in your pocket 2007\r\r\r\r\rBlaikie P., Cannon T., Davis I., Wisner B. (2000) At Risk.  Routledge \rByrne K. (2001) Enviromental Science. 2nd edition. Nelson Thornes\rHill M.K. (1997) Understanding Environmental Pollution. Cambridge University Press\rRiordan O. (2000) Environmental Science for Environmental Management. 2nd edition. Prentice Hall\rWatts S., Halliwell L. (1996) Essential Environmental Science: Methods and Techniques. Routledge\r',NULL),
	('FDS1108M','Introduction to Finance and Business',2,'Food Manufacture',15,'1',17,' This module provides a realistic, balanced view of management and considers predominantly the agri-food business sector. Starting with the traditional business environment approach to strategic management, the module moves on to consider the contemporary resource-based perspective that organisations can develop competitive advantages through the acquisition, development and management of resources.\rThe success of a strategic plan is determined by how well an organisation coordinates its internal processes, including operations, with its suppliers and customers to produce products that customers will value.\rThe module also provides an introduction to accounting and finance which will support future modules.\r','The module will provide the student with the basic principles of business management and finance and will look at the strategic approach to management; operational management; organisational resources and what gives a business a competitive advantage. The student will also investigate supply chain management, a vital aspect of agri-food businesses; quality management; human resource management and lean manufacturing and how these aspects can contribute to the success of a business. \rIntegral to managing quality and resources, is the management of finance. Students will be introduced to the nature and purpose of accounting; key concepts and how to read a balance sheet. They will become familiar with how income and expenditure are measured; trial balances; cash flow and budgeting. \r','Teaching methods and learning strategy will include: lectures, seminars, tutorials, group and individual study, case studies, and where appropriate within the subject, visits to appropriate food manufacturing sites or companies and invited speakers on specialist topics.',NULL,'Black, G. (2005) Introduction to Accounting and Finance. FT Prentice Hall\rBuchanan D. and Huczynski A. (2007). Organizational Behaviour ? An Introductory Text. 6th Edition. Prentice Hall.\r\rDyson, J.R. (2007) Accounting for Non-Accounting Students.  6th Edition. FT Prentice Hall\r\rMcLaney, E.J. (2006) Business Finance: Theory and Practice. 7th Edition. FT Prentice Hall\rNix, J.  (2009)  Farm Management Pocketbook. Imperial College London.\r\rRussell and Taylor (2009) Operations Management along the Supply Chain. 6th Edition. Wiley. ISBN 978-0470-23379\r',NULL),
	('GRA1009M','Contextualising Visual Practice 1',3,'Graphic Design',30,'1',22,'The module offers an introduction to design history and the study of visual culture and communication. Skills in research, analysis, debate, interpretation and critique will be developed and exercised though progressive stages of study designed to move students through from empirical to historically and theoretically informed analysis and interpretation.   \rWays of understanding how culture impacts upon design and visual communication media will be informed by concepts drawn from visual and material culture. A range of cultural theories along with relevant aspects of media, social and cultural history will aim to provide students with an introductory level of understanding of the contexts of design and methods of design analysis.\rThe curriculum will aim to inculcate conceptual and language tools in order to develop the student?s confidence, sensitivity, method and rigour in the investigation and explanation of graphic media both orally and in writing.\r','Visual communication and design history will be structured around exemplary themes and moments through which students can gain a broad theoretical, cultural and historical understanding of the practices of designers in the communication and media industries and institutions. Students will undertake the following:\r?	attendance at lectures and participation in seminars where they can gain familiarity with the past and present cultural and economic environments in which communication media have been designed, produced and consumed.\r?	attendance at lectures and participation in seminars where they can gain an understanding of basic models and practices of evaluation, interpretation and explanation of design and visual communication practice.\r?	a focused and structured research investigation, drawing on a range of research sources and communication of the results using methodical analysis, coherent arguments and appropriate presentation techniques in oral and written forms.\r?	practice in the basic elements of theory from related contextualising disciplines to understand meanings, representation, consumption, use and context in relation to cultural products and to place communication practices within wider social, economic and historical contexts.\r','Learning is undertaken through a formal assignment supported by:\r?	lectures \r?	seminars and group tutorials\r?	subject tutorials\r?	presentations\r',NULL,'BALDWIN, J. & ROBERTS, L. (2006), Visual Communication from Theory to Practice. Lausanne, AVA Publishing\rBRANSTON, G. & STAFFORD, R. (1999), The Media Student?s Book. London: Routledge \rJOBLING, P. & CROWLEY, D. (1996) Graphic Design, Reproduction and Representation since 1800. Manchester: Manchester University Press\rHOLLIS, R. (2001), Graphic Design a Concise History, London, Thames and Hudson \rROBERTS, L. (2005), Drip-dry shirts: the evolution of the graphic designer, Lausanne, AVA Publishing\r',NULL),
	('GRA1010M','Visual Expression 1',3,'Graphic Design',45,'1',23,'This module introduces students to visual expression and personal creative development through the means of appropriate media and processes as they relate to the broad nature of communication design and graphic design practice. The learning experience is intended to start the process of experimentation, speculation, innovation and personal exploration. Key to the module is the initial development of a visual voice. \rThrough a range of studio and workshop based experiences the student has the opportunity to gain knowledge and skills useful for the exploration of visual language and visual grammar. The aim is to provide a vehicle for the expansion of the students? visual vocabulary along with enhancing abilities to generate concepts and ideas, synthesising these into conceptually speculative and creatively challenging design solutions.\r','Students will be introduced through lectures, demonstrations and studio sessions to working methodologies appropriate to exploring visual language and personal creative development and will undertake the following:\r?	an introduction to a broad range of methods for information gathering, research, analysis and synthesis appropriate to visual practice.\r?	an expansion of their visual vocabulary through the study of the principles and practices of visual communication in pursuit of creative design solutions via a range of print, screen, lens and spatial media.\r?	an introduction to suitable software applications along with studio or workshop based skills and techniques to facilitate the development of contemporary graphic design knowledge and practice.\r?	an introduction to themes and practices addressing narrative, time, movement the still and moving image.\r?	an introduction to appropriate conduct along with health and safety requirements for studios, workshops and computer labs.\r','Students are encouraged to take an active role in their learning, utilising effective management of time and use of resources. Acquisition of knowledge used in the module is through a carefully planned programme of teaching and learning methodologies. A combination of the following teaching and learning modes are used to support the module:\r?	project work\r?	studio, computer lab and workshop based sessions \r?	lectures\r?	seminars, group tutorials and critiques\r?	subject tutorials\r?	guided independent learning\r?	demonstrations and workshop activities\r',NULL,'A wide range of subject specialist books, journals and websites will be suggested according to the students? current projects and included in the student handbook and/or handouts provided for the unit.',NULL),
	('GRA1151M','Graphic Design 1',3,'Graphic Design',45,'1',24,'This module is concerned with introducing students to the fundamental and underlying principles of graphic communication design practice along with the skills and processes that support it. Through a broad programme of study students will develop a range of thinking and working strategies relevant to the practice of contemporary graphic design. \rVaried project work provides students with the opportunity to analyse and explore a range of visual communication problems resulting in the generation of creative design solutions relevant to content and audience. The programme of study will explore a range of creative strategies and problem solving methodologies that consider the relationship between form, structure, content and audience. Students will also be introduced to appropriate graphic design terminology, nomenclature, theories and principles. \r','Students will be introduced through lectures, demonstrations and studio sessions to working methodologies appropriate to exploring graphic design and professional creative development and will undertake the following:\r?	an introduction to the use of research, analytical and lateral thinking skills, investigation and critical judgement for ideas generation and problem-solving.\r?	develop an understanding of the basic design principles and of the visual communication design process through the imaginative use of digital media and studio techniques associated with graphic design practice.\r?	generate and progress a broad range of ideas and creative design solutions which are aesthetically and functionally appropriate to content and audience.\r?	demonstrate an understanding of the basic principles graphic design such as; task management, typography, image, structure, form and their creative application in graphic design projects.\r?	Collaborative, team based work and an introduction to self/peer review and evaluation\r','Students are encouraged to take an active role in their learning, utilising effective management of time and use of resources. Acquisition of knowledge used in the programme is through a carefully planned programme of teaching and learning methodologies. A combination of the following teaching and learning modes are used to support the module:\r?	project work\r?	studio, computer lab and workshop based sessions \r?	subject tutorials\r?	lectures\r?	seminars, group tutorials and critiques\r?	presentations\r?	guided independent learning\r?	field/research trips and study visits\r',NULL,'A wide range of subject specialist books, journals and websites will be suggested according to the students? current projects and included in the student handbook and/or handouts provided for the unit.',NULL),
	('GRA2009M','Graphic Design 2',3,'Graphic Design',45,'2',25,'This module encourages a conceptual approach to graphic design work and problem solving whilst retaining the highly professional and technical aspects of study acquired in other areas of the course. Students will gain experience of solving client-related communication problems, meeting client expectations, and presenting creative and original solutions and findings through design projects that reference ethical and social issues.\rProject content will encourage research and investigation into various aspects of graphic design in order to increase awareness of the profession and an interest in the work of practitioners in the field. Knowledge and understanding of the design process and industrial production is developed through practical project work.\r\r','The module builds upon experience acquired on Graphic Design 1 or previous relevant study. Study is undertaken through project work that requires students to analyse defined visual communication problems and provide creative solutions appropriate to content and audience. The module provides a focus for students to develop a more sophisticated understanding of the visual communication graphic design process along with an understanding of the client/designer relationship. Elements are included that support students with the acquisition of knowledge and skills for the development of a career in the profession. Students will be involved in the following areas:\r?	the wide-ranging use of appropriate research, analysis and synthesis methodologies in order to originate a broad range of ideas and creative graphic design solutions appropriate to client, content and audience\r?	familiarisation at a sophisticated level with suitable software applications along with studio or workshop based skills and techniques to facilitate the development of contemporary graphic design knowledge and practice\r?	an opportunity to work collaboratively as part of a team and developing the ability to present design proposals as if to a client\r?	an opportunity to develop awareness of the broader social responsibilities of the designer and the ethical constraints of the client designer relationship and the wider community\r?	the extension of their professional development and understanding of the graphic design profession via a range of assignments\r','Students are encouraged to take an active role in their learning, utilising effective management of time and use of resources. Acquisition of knowledge used in the programme is through a carefully planned programme of teaching and learning methodologies. A combination of the following teaching and learning modes are used to support the module:\r?	project work\r?	studio, computer lab and workshop based sessions \r?	subject tutorials\r?	lectures\r?	seminars, group tutorials critiques\r?	presentations \r?	guided independent learning\r?	visits and talks by specialist practitioners\r?	field/research trips and study visits\r',NULL,'A wide range of subject specialist books, journals and websites will be suggested according to the students? current projects and included in the student handbook and/or handouts provided for the unit.',NULL),
	('GRA2010M','Contextualising Visual Practice 2',3,'Graphic Design',30,'2',26,'This module will consist of themes of study in design history and theory selected to provide students with enhanced levels of understanding, analysis and evaluation, and a range of topics suited to stimulate further independent research.  The themes will be presented in sufficient depth to allow engagement with concepts, critical texts, and related disciplines where necessary, as well as a range of substantive materials.\rThe student?s understanding of the context within which designers work will be explored at a sophisticated level and be complementary to the studio based modules. The module will also develop a range of research skills appropriate to formulating proposals for individual independent research projects in level three.\r','The syllabus will encompass thematic studies in design history and theory, and related disciplines, where relevant to the themes, incorporating critical analysis and evaluation of concepts and sources. The unit will also be devoted to enhancing students? capacities for independent project negotiation and research skills: viable project planning, relevant source location, critical review of the historiography and contemporary debates in the student?s chosen field. Students will undertake the following:\r?	participation in lectures and seminars that challenge received opinion and  develop their own criteria and judgement in the evaluation of theoretical texts in visual communication, design history and theory, and related disciplines.\r?	tasks that lead to an enhanced level of understanding of and readiness to apply the themes of study followed in the level two programme in cultural and design theory to both the analysis and practice of design.\r?	practice the effective communication of information, arguments and analysis in oral and written forms with appropriate academic frameworks and conventions \r?	research and planning to locate a research issue or question and construct a viable independent research project on an issue related to design history and theory\r','Learning is undertaken through a formal assignment/s supported by:\r?	lectures \r?	seminars and group tutorials\r?	presentations\r?	subject tutorials\r',NULL,'DRUCKER, J. & MCVARISH, E. (2008), Graphic Design History: a Critical Guide: Prentice Hall, New York\rKIRKHAM, P. ed. (1996), The Gendered Object Manchester University Press, Manchester\rJACKSON, N. & O?SHAUNESSY, A. (2004) Politics and Propaganda: Weapons of Mass Seduction.: Manchester University Press, Manchester\rSTOKES, J. (2003), How to do Media and Cultural Studies Sage Publications, London\rMEGGS, P. & PURVIS, A. Meggs\' History of Graphic Design\r',NULL),
	('GRA2011M','Visual Expression 2',3,'Graphic Design',45,'2',27,'This module builds upon the aims and themes of Visual Expression 1 but is also compatible with study experiences of a similar nature students may have undertaken elsewhere. The module operates on the notion that the students creative personal development and individual visual voice is developed through familiarity with a broad range of media and creative practices. Students will therefore, explore the various facets of visual communication with the intention of communicating complex and varied messages to a range of audiences. \rStudents will be encouraged to undertake creative speculation that provides the potential for innovation within a range of communication design contexts. In addition to this students will have the opportunity to take an authorial approach to practice; ideas, concepts and design solutions are developed by the student in negotiation with the tutor. By the culmination of the module students will have gained confidence in their creative strategies and technical ability along with the autonomy required for success at level three study.\r','Practical study provides a focus for students to develop a sophisticated understanding of the visual communication design process through practical studio, computer lab and workshop resource based sessions. It is undertaken largely through set and negotiated projects which require students to analyse defined visual communication problems, engage in speculative creative exploration and provide creative solutions appropriate to content and audience. \rStudents will:\ruse extensive and sophisticated research, analysis and synthesis methodologies in order to originate ideas and solutions\rstudy the principles and practices of visual communication whilst further developing their visual vocabulary at an intermediate - and throughout the module - progressing to an advanced level via a range of print, screen, lens and spatial media\rexpand their competence in the use of suitable software applications along with studio or workshop based skills and techniques to facilitate the development of contemporary graphic design knowledge and practice \ruse the varied learning opportunities presented, undertake creative speculation and self-directed study in the progression of practical coursework and the development of resourcefulness and entrepreneurial skills along with personal and creative autonomy\r','Students are encouraged to take an active role in their learning, utilising effective management of time and use of resources. Acquisition of knowledge and skills used in the module is through a carefully planned programme of teaching and learning methodologies.  Learning is undertaken through practical assignment work supported by:\rproject work\rstudio, computer lab and workshop based sessions\rlectures\rdemonstrations and workshop activities\rseminars, group tutorials and critiques\rsubject tutorials\rpresentations\r',NULL,'A wide range of subject specialist books, journals and websites will be suggested according to the students? current projects and included in the student handbook and/or handouts provided for the unit.',NULL),
	('GRA3007M','Graphic Design 3',3,'Graphic Design',45,'3',28,'This module aims to prepare students for the realities of professional life or further study at post graduate level. It encourages a thoughtful and innovative response to visual communication problems which reflects the intellectual rigour, creativity, knowledge and practical skills appropriate to graphic design practice at this higher level of first degree study. Students are required to accept significant responsibility for initiating and identifying their individual professional goals within the subject, which will then inform the content of their programme of study.\rPractical project work provides a focus for students to develop advanced abilities in graphic design through design projects that consider message and audience. Students will be involved in creative design work where problem solving, creativity and technical competence are all given high priority. Students are encouraged to participate in major international student award schemes or competitions and/or undertake live commissioned work that involves the realities of working with clients and managing the production process.\r','The module builds upon experience acquired throughout all levels of the programme or previous relevant study. It extends and consolidates knowledge, skills and creativity according to individual interest and career aspirations. Students undertake challenging major graphic design projects, which require substantial investigation and the effective planning of time and use of resources in pursuit of sophisticated solutions. Students will be involved in the following areas:\r?	the wide-ranging use of in-depth research, analysis and synthesis methodologies for the origination of innovative ideas and sophisticated graphic design solutions which successfully communicate to client, content and audience.\r?	the execution of sophisticated design solutions for complex visual communication problems that demonstrate high levels of creativity, critical judgement, excellent technical skills and consideration of production processes.\r?	the preparation and exhibition, or dissemination of a substantial body of practical project work and support materials connected to the projects which demonstrate successful management of the study programme. \r?	the development of a level of professionalism, appropriate conduct and ability to articulate about their work at a level befitting a professional designer, utilising; initiative, autonomy, self motivation and effective time management.\r','Students are encouraged to take an active role in their learning, utilising effective management of time and use of resources. Acquisition of knowledge used in the programme is through a carefully planned programme of teaching and learning methodologies. A combination of the following teaching and learning modes are used to support the programme:\r?	project work\r?	studio, computer lab and workshop based sessions \r?	subject tutorials\r?	lectures\r?	seminars, group tutorials and critiques\r?	subject tutorials\r?	presentations\r?	guided independent learning\r?	visits and talks by specialist practitioners\r',NULL,'A wide range of subject specialist books, journals and websites will be suggested according to the students? current projects and included in the student handbook and/or handouts provided for the unit.',NULL),
	('GRA3008M','Contextualising Visual Practice 3',3,'Graphic Design',30,'3',26,'Contextualising Visual Practice 3 is an independent study module which takes the form of a dissertation and offers the student an opportunity to explore in some depth a topic of their own choice which reflects their main area of study. This is undertaken via tutor supported self-directed study and research. The module aims therefore, to broaden the scope of the student?s degree programme by allowing them to identify and pursue relevant academic and creative interests.\rThe module encourages the student?s personal creative development through possible links within other areas of the course. Students are therefore, able to explore and develop ideas that might be pertinent to their creative and professional aims and may focus on a developing specialised knowledge. \rIn addition to this the module enables the student to develop competence in self-managed study and to engage in in-depth research. The module emphasises skills in developing and taking responsibility for an independent research programme and enables the student to develop relevant research skills, critical judgement and appropriate methodologies for study at this level.\r','Students will receive a thorough introduction to the module at the beginning of the academic year; discussing their research proposal with a nominated academic tutor who will also give research and writing support throughout the project both in seminar groups and on a one-to-one basis. Guidance will be given about the structure of the piece of work; academic writing conventions and citation/referencing. Students may be directed to particular sources of support such as the Academic Subject Librarians if appropriate. Feedback will be given on draft dissertations in time for the student to revisit the work and make improvements.\rEach student will be required to complete an individual piece of research-based written work submitted as a dissertation of 8,000 words. Working under tutor supervision students will:\r?	work  on their own initiative to choose an appropriate topic for investigation based on preliminary understanding of the subject and which is connected to their main area of study.\r?	 plan and carry out a suitable research methodology for the study\r?	carry out and present in-depth research and analysis using an appropriate range and level of primary and secondary sources, synthesising ideas from a range of contexts\r?	formulate a sustained and critical argument that demonstrates a high level of insight and understanding\r?	produce a dissertation that meets the University requirements for such textual matter, and that communicates ideas in a clear and coherent manner adhering to accepted conventions vis--vis methods of presentation and the proper use of citation \r','Through tutor supervision, group tutorials, presentations and directed independent study students will receive guidance for the development of an in depth research based written assignment. Teaching and learning methods will include:\r?	subject tutorials\r?	seminars and group tutorials\r?	presentations (to confirm research proposals)\r',NULL,'Books\rThe student will generate the booklists for individual dissertations as authors of those dissertations. However, there are some helpful guides to researching and writing dissertations.  Most dissertations for the Degree Programmes here are likely to involve qualitative research rather than quantitative research and the booklist reflects this. The Further Reading section of Swetnam?s ?How to?? handbook on dissertations gives a good starting point for books on more specialised research methods.\r\rALLISON, B. & Race, P. (2004) The student?s Guide to Preparing Dissertations and Theses, Routledge Study Guides.\rSWETNAM, D. (2004) Writing Your Dissertation, How to Books Ltd. Oxford.\rWALLIMAN, N. (2004) Your Undergrduate Dissertation, the Essential Guide to Success, Sage Publications Ltd, London.\rand:\rSHARPLES, M. (2000) How We Write: Writing as Creative Design, Routledge.\r(for more general approaches to writing). \r\rUp-to-date subject specialist books, journals and websites will be suggested according to the students? current project and published in the student handbook.\r',NULL),
	('GRA3009M','Visual Expression 3',3,'Graphic Design',45,'3',29,'This is a module that allows students to determine their own programme of study within their chosen specialism in graphic design. Projects may be chosen from a range of areas within the subject by negotiation with academic staff. At this level Graphic Design students accept full responsibility for initiating and selecting the content of their study programme, according to their specific interests and career aspirations.\rThe themes studied in preceedeing Visual Expression modules are further developed at this level. This would include aspects of personal creative development, the further development of a visual voice along with the exploration and exploitation of a broad range of traditionanal and digital media. The aim is to provide the student with an opportunity to be innovative and where appropriate include authorial content in their work.\rStudents who wish to progress to post graduate study within the University are actively encouraged to display extended intellectual rigour, challenge accepted conventions and develop a thoroughly investigative and highly critical approach in the pursuit of creative solutions to communication issues.\r','The module builds upon previous experience acquired throughout all levels of the programme or ? for direct entry students ? compatible study undertaken elsewhere. The flexible syllabus ? undertaken through negotiation with the tutor ? provides students with the opportunity to: \r?	use appropriate research, analysis and synthesis methodologies to originate sophisticated ideas and solutions through the exploration of a range of traditional techniques, cross-disciplinary activities and a wide range of prevailing software applications.\r?	Identify and undertake challenging visual communication problems that display extensive speculation, investigation and innovation along with resourcefulness and entrepreneurial skills relating to the student\'s personal aspirations within the discipline. \r?	prepare,  exhibit, or disseminate a substantial range of design proposals and solutions which successfully communicate in a manner that is appropriate to both content and audience whilst also displaying good technical skills, effective use of media and an awareness of production methods.\r?	demonstrate initiative and self motivation in compiling and completing a personal and appropriate course of study which shows an overall consolidation and extension of knowledge and skills.\r','Students are encouraged to take an active role in their learning employing negotiation skills with the tutor, utilising effective management of time and use of resources. A combination of the following teaching and learning modes are used to support the programme:\r?	project work\r?	studio, computer lab and workshop based sessions\r?	subject tutorials\r?	seminars, group tutorials and critiques\r?	subject tutorials\r?	presentations\r?	guided independent learning\r?	visits and talks by specialist practitioners\r',NULL,'A wide range of subject specialist books, journals and websites will be suggested according to the students? current projects and included in the student handbook and/or handouts provided for the unit.',NULL);

/*!40000 ALTER TABLE `03_module` ENABLE KEYS */;
UNLOCK TABLES;


# Dump of table 04_teachingDemoStaff
# ------------------------------------------------------------

DROP TABLE IF EXISTS `04_teachingDemoStaff`;

CREATE TABLE `04_teachingDemoStaff` (
  `moduleCode` varchar(10) NOT NULL DEFAULT '',
  `staffID` int(10) NOT NULL DEFAULT '0',
  PRIMARY KEY (`moduleCode`,`staffID`)
) ENGINE=InnoDB DEFAULT CHARSET=latin1;

LOCK TABLES `04_teachingDemoStaff` WRITE;
/*!40000 ALTER TABLE `04_teachingDemoStaff` DISABLE KEYS */;

INSERT INTO `04_teachingDemoStaff` (`moduleCode`, `staffID`)
VALUES
	('AGR1009M',16),
	('AGR1010M',17),
	('AGR1011M',16),
	('AGR2004M',15),
	('AGR2018M',17),
	('AGR2019M',16),
	('AGR2020M',16),
	('AGR2021M',17),
	('AGR2022M',16),
	('AGR2023M',16),
	('AGR2025M',14),
	('AGR2026M',16),
	('AGR3009M',19),
	('AGR3010M',17),
	('AGR3011M',16),
	('AGR3011M',17),
	('AGR3012M',17),
	('AGR3012M',18),
	('AGR3013M',17),
	('CGP1001M',2),
	('CGP2001M',2),
	('CGP2004M',21),
	('CGP2005M',3),
	('CGP3001M',4),
	('CMP1001M',2),
	('CMP1003M',4),
	('CMP1005M',5),
	('CMP1007M',20),
	('CMP1008M',20),
	('CMP1009M',3),
	('CMP1032M',1),
	('CMP1035M',1),
	('CMP1036M',2),
	('CMp1037M',20),
	('CMP2007M',1),
	('CMP2017M',3),
	('CMP2018M',1),
	('CMP2018M',3),
	('CMP2019M',8),
	('CMP2020M',9),
	('CMP2060M',10),
	('CMP2061M',1),
	('CMP2061M',3),
	('CMP2062M',7),
	('CMP2066M',6),
	('CMP3019M',1),
	('CMP3019M',3),
	('CMP3022M',6),
	('CMP3059M',1),
	('CMP3060M',1),
	('CMP3333M',12),
	('CMP3637M',1),
	('CMP3639M',3),
	('CMP3641M',9),
	('FDS1104M',13),
	('FDS1105M',14),
	('FDS1106M',15),
	('FDS1107M',16),
	('FDS1108M',15),
	('FDS1108M',17),
	('GRA1009M',22),
	('GRA1010M',23),
	('GRA1151M',24),
	('GRA2009M',25),
	('GRA2010M',26),
	('GRA2011M',27),
	('GRA3007M',28),
	('GRA3008M',26),
	('GRA3009M',29);

/*!40000 ALTER TABLE `04_teachingDemoStaff` ENABLE KEYS */;
UNLOCK TABLES;


# Dump of table 05_learningOutcomes
# ------------------------------------------------------------

DROP TABLE IF EXISTS `05_learningOutcomes`;

CREATE TABLE `05_learningOutcomes` (
  `outcomeID` int(11) unsigned NOT NULL AUTO_INCREMENT,
  `outcomeText` varchar(255) DEFAULT NULL,
  PRIMARY KEY (`outcomeID`)
) ENGINE=InnoDB DEFAULT CHARSET=latin1;

LOCK TABLES `05_learningOutcomes` WRITE;
/*!40000 ALTER TABLE `05_learningOutcomes` DISABLE KEYS */;

INSERT INTO `05_learningOutcomes` (`outcomeID`, `outcomeText`)
VALUES
	(1,'identify data types and their application in common programming solutions'),
	(2,'identify the characteristics of common data structures'),
	(3,'characterise a problem solution in the context of potential data structures'),
	(4,'communicate rational and reasoned arguments in writing.'),
	(5,'use appropriate mathematical theories and techniques for computer science;'),
	(6,'Select appropriate mathematical formulae to solve problems;'),
	(7,'Solve computational problems using relevant mathematical techniques'),
	(8,' Locate and reference relevant information.'),
	(9,'relate the importance of information to business processes'),
	(10,'describe, abstract and apply models of systems structure, behaviour and purpose to organisational systems.'),
	(11,'outline and discuss mechanisms and strategies applied to computer systems architecture'),
	(12,'review models and processes in computer system architecture'),
	(13,'implement programs consisting of multiple procedures;'),
	(14,'use simple testing techniques to evaluate programs;'),
	(15,'create classes and instantiate objects in an OO programming language;'),
	(16,'explain and model an OO approach to a software development problem;'),
	(17,'demonstrate principles of discrete mathematics relating to software development.'),
	(18,'characterise a problem in the context of possible solution mechanisms;'),
	(19,'model a problem solution using appropriate vocabulary;'),
	(20,'deliver a presentation using appropriate professional standards;'),
	(21,'work effectively as a member of a team.'),
	(22,'outline and discuss mechanics and strategies within operating system architectures'),
	(23,'review models and processes in operating systems architectures'),
	(24,'use a range of tools to interact with operating systems from the Windows and the UNIX families'),
	(25,'employ effective group management skills'),
	(26,'utilise effective and appropriate support tools'),
	(27,'present work in both written and verbal forms'),
	(28,'analyse and characterise the nature of a problem'),
	(29,'design and specify a games production development artefact'),
	(30,'implement testing or quality attributes to a development artefact or process'),
	(31,'review concepts of advanced software development and programming methods'),
	(32,'critically apply appropriate software development concepts'),
	(33,'use advanced OO principles and programming techniques in software development'),
	(34,'apply advanced logical and mathematical techniques in software development and programming'),
	(35,'explain the theoretical and conceptual underpinnings of user-oriented approaches in system design'),
	(36,'deploy human factors principles in the analysis and evaluation of computer systems'),
	(37,'apply user-centred practice in the analysis and evaluation of software systems'),
	(38,'communicate rational and reasoned arguments in writing'),
	(39,'explain the theoretical capabilities of Artificial Intelligence'),
	(40,'apply Artificial Intelligence techniques to solve practical problems'),
	(41,'locate and reference relevant information'),
	(42,'appraise and evaluate database models and mechanisms'),
	(43,'design and analyse a database solution'),
	(44,'define and discriminate communications models, standards and requirements'),
	(45,'evaluate professional standards used in design and implementation of networks'),
	(46,'identify and classify threats within systems and networks and appraise protection mechanisms for those systems and networks'),
	(47,'articulate the aims and objectives of a project'),
	(48,'critically appraise potential techniques and tools to aid in the development of a non-trivial artefact'),
	(49,'identify appropriate timescales and deliverables for the development of a non-trivial artefact'),
	(50,'apply practical and analytical skills in the design and implementation of a non-trivial set of project goals'),
	(51,'critically evaluate and reflect on the process of undertaking an individual project'),
	(52,'evidence research in the problem domain'),
	(53,'prepare a detailed report which evaluates a project solution'),
	(54,'articulate ethical arguments that relate to the technology field'),
	(55,'apply the basic tools of case analysis to ethical and legal issues'),
	(56,'critique the nature of professionalism in context'),
	(57,'critically assess the theoretical capabilities of computer vision;'),
	(58,'apply computer vision techniques to solve practical problems'),
	(59,'critically assess the theoretical capabilities of mobile robots'),
	(60,'apply advanced Artificial Intelligence techniques to mobile robotics'),
	(61,'specify, design, implement and evaluate client-server based distributed internet applications using industry standard tools and approaches'),
	(62,'specify, design, implement and evaluate internet applications that make appropriate use of advanced distributed programming methods'),
	(63,'specify, design, implement and evaluate mobile applications using industry standard tools and approaches'),
	(64,'critically discuss the social and technical issues arising from the use of the internet as a platform for implementation of mobile and pervasive computing systems'),
	(65,'Identify the trade agreements which will impact on the food producer and to describe the industry in the light of global perspectives and political dimensions;'),
	(66,'Describe food related policies with examples of how fluctuations in exchange rates can impact on a business;'),
	(67,'Describe how consumer requirements, retailer demands and market trends can impact on a food production business and propose potential solutions to the issues identified'),
	(68,'Review the effect of new technologies on food production'),
	(69,'Consider how the production practises of raw materials influence the food supply chain'),
	(70,'Describe the use of raw materials in food products, identifying their key characteristics and composition'),
	(71,'Investigate in detail the key characteristics of a raw material, causes of variability and their impact on the supply chain'),
	(72,'Perform simple differentiations and integrations '),
	(73,'Solve basic differential equations'),
	(74,'Solve problems using numerical methods'),
	(75,'Use statistics and linear regression to analyse data and design experiments'),
	(76,'Identify the key anatomical features of plants and relate them to plant taxonomy;'),
	(77,'Describe the key aspects of plant physiology  and relate them to crop yield and quality;'),
	(78,'Assess the suitability of soils for agricultural use'),
	(79,'Define the key terms in relation to soil fertility'),
	(80,'Describe the role, function and deficiency symptoms associated with plant nutrients'),
	(81,'Describe the broad concepts of environmental science and debate the impact of human and environmental demands on the global ecosystems;'),
	(82,'Describe the impact of pressures on biological systems'),
	(83,'Identify and describe the sources of water, air and soil pollution, and apply this knowledge to the management of a sustainable environment or food manufacturing'),
	(84,'Describe the potential impacts and implications of food production on global and local climate'),
	(85,'Describe the theoretical basis of business management, strategic and operational'),
	(86,'Describe, in a land based business context, the key aspects of quality management, human resource management, supply chain management and lean manufacturing'),
	(87,'Describe the key accounting concepts and how profit is measured and assets valued'),
	(88,'Describe the difference between income and expenditure and cash budgets, and interpret a simple set of financial statements'),
	(89,'Describe the anatomical and physiological features of domesticated livestock that are relevant to nutrition, reproduction, growth and development;'),
	(90,'Describe the stages involved in artificial insemination techniques use in livestock production systems'),
	(91,'Characterise the main nutritional components and assessment methods of animal feedstuffs used in the production of livestock'),
	(92,'Identify and describe the key aspects of animal welfare which can lead to concern.'),
	(93,'Classify and recognise key pests and pathogens'),
	(94,'Impact of disease, pests and weeds on yield potential and quality'),
	(95,'Crop walking and methods of reporting'),
	(96,'Identify related legislation to the control of crop pests, weeds and disease'),
	(97,'Evaluate opportunities for energy management in primary food operations'),
	(98,'Debate the environmental impact of primary food producers on water as a finite resource and evaluate the potential management options'),
	(99,'Examine soil as a resource ? consider how to minimise and prevent pollution and erosion and view soil in the context of soil carbon'),
	(100,'Evaluate the potential for waste reduction and waste management options in the food chain'),
	(101,'Discuss the intrinsic and extrinsic environmental factors affecting livestock production including an appreciation of animal welfare'),
	(102,'Discuss factors affecting production cycles and production performance in a commercial environment'),
	(103,'Describe and discuss the relative merits and demerits of extensive and intensive livestock production systems'),
	(104,'Evaluate the relative strengths of each stage of the marketing chain, and of the macro and micro factors affecting the production of specific products'),
	(105,'Describe and evaluate measures used to analyse crop enterprise performance'),
	(106,'Describe the production systems and strategies for stated crop scenarios'),
	(107,'Describe and evaluate key crop production technologies'),
	(108,'Produce a fertiliser recommendation for stated crops'),
	(109,'Describe and evaluate the key factors affecting the choice of crop, seed type and variety'),
	(110,'Identify and debate the requirements and methods used for crop establishment'),
	(111,'Describe key aspects of drainage, irrigation, crop protection and fertilising'),
	(112,'Outline the requirements for crop harvesting and storage '),
	(113,'Evaluate the nature and composition of feedstuffs'),
	(114,'Discuss the importance of ion transport systems and endocrine systems in their roles of maintaining overall homeostasis'),
	(115,'Discuss the factors which affect growth in an animal and evaluate how growth of an animal can be manipulated through feed formulation'),
	(116,'Discuss the seasonality and control of the breeding season in livestock species'),
	(117,'Describe the mechanisms of transpiration, photoperiodism, phototropism and photorespiration and the role of plant growth regulators in these processes and in a crop production context'),
	(118,'Describe how crop performance is influenced by biotic and abiotic factors including radiation, temperature and crop/water relationships'),
	(119,'Measure and evaluate methods used to determine crop growth and yield'),
	(120,'Evaluate the significance of advances in biotechnology upon crop production and appraise breeding strategies to improve crop performance'),
	(121,'Evaluate the benefits of sustainable environmental management to promote biodiversity and conservation'),
	(122,'Demonstrate the implementation of ICM and IFM and their relationship with Codes of Practice and legislation'),
	(123,'Evaluate the impact of government and non-government organisations and consumer pressure on management decisions designed for a sustainable environment.'),
	(124,'Assess the potential impact of climate change on a sustainable environment.'),
	(125,'Discuss the role and implementation of quality systems in a food manufacture and supply context'),
	(126,'To produce a product specification for a named commodity to include sensory attributes'),
	(127,'Conduct a practical assessment, including a sensory evaluation, for the named commodity against the specification'),
	(128,'Describe the business management techniques available for monitoring and controlling a business'),
	(129,'Construct and analyse a set of business accounts and produce a partial budget for either a farm business or food manufacturing business'),
	(130,'Describe and evaluate the range of options available for both finance sources and investment and their implications upon the business'),
	(131,'(a) Describe the process of land tenure including tenancy agreements and rent   	assessments; or:\r	b) Describe the process of factory costings, plant and equipment planning and 	acquisition. \r'),
	(132,'Organise and complete an independent study with minimal supervision and 	effectively manage time and the resources available'),
	(133,'Identify and critically evaluate relevant literature'),
	(134,'Formulate appropriate aims and objective'),
	(135,'Identify and apply primary data collection and analysis techniques'),
	(136,'Interpret data and relate it to associated research'),
	(137,'Communicate a clear understanding of the selected study in both written and oral presentations'),
	(138,'Critically evaluate the arguments associated with specific issues related to agriculture and the environment'),
	(139,'Study and critique a range of scientific literature and illustrate the specific aspects related to chosen topics'),
	(140,'Appreciate associated agricultural and environmental issues and be able to stimulate scientific debate'),
	(141,'Critically evaluate the impact of current issues/changes from an economic, social and environmental perspective a local and global scale'),
	(142,'Construct a fully detailed business plan, including financial statements and budgets for the farm'),
	(143,'Propose a justified environmental scheme appropriate to the holding'),
	(144,'Evaluate and justify the machinery available, and the method of financing the equipment'),
	(145,'Produce energy and waste management plans that are sustainable and embrace the current directives and economic platforms'),
	(146,'Critically analyse and discuss the concepts, principles and models related to the supply chain'),
	(147,'Analytically examine the supply chain within an organisation and measure performance improvement'),
	(148,'Synthesise and apply the concepts of operational management in a business environment'),
	(149,'Demonstrate how HRM models and themes can add value to an organisation'),
	(150,'Evaluate critically environmental management systems for an organisation and demonstrate an understanding of ISO 14001 and management tools'),
	(151,'Identify and evaluate the key areas of environmental legislation in the UK and the impact of legislation on land-based industries'),
	(152,'Assess and evaluate the role and impact of strategies for example carbon and water foot printing upon a specific area of study'),
	(153,'describe the characteristics of social software and Web2.0 technologies'),
	(154,'discuss the impact of social computing technologies on everyday life'),
	(155,'present an aspect of the application of social computing in a practical context.'),
	(156,'design a simple interactive system demonstrating basic principles of good user interface design'),
	(157,'] implement a simple interactive system demonstrating basic principles of good user interface design'),
	(158,'document the design, development and implementation of a simple interactive system, applying appropriate practice and standards'),
	(159,'apply structured techniques in web site development'),
	(160,'implement a simple interactive web application, applying appropriate standards and guidelines'),
	(161,'utilise effective and appropriate support tools'),
	(162,'implement testing or quality attributes to a development artefact or process;'),
	(163,'review the appropriateness of informatics systems design in supporting business process and strategy'),
	(164,'employ and evaluate techniques of data analysis'),
	(165,'justify and implement effective approaches to the contextual presentation of data and information'),
	(166,'locate and reference relevant information'),
	(167,'employ effective group management skills'),
	(168,'utilise effective and appropriate support tools'),
	(169,'present work in both written and verbal forms'),
	(170,'analyse and characterise the nature of a problem'),
	(171,'design and specify a games production development artefact'),
	(172,'implement testing or quality attributes to a development artefact or process'),
	(173,'employ effective project management skills'),
	(174,'appraise factors that contribute to business development and success'),
	(175,'evaluate and employ tools to analyse risk in projects'),
	(176,'identify and evaluate drivers and constraints for growth'),
	(177,'identify and critique entrepreneurial characteristics'),
	(178,'critically evaluate empirical research on advanced topics of software engineering and extracting key ideas from them'),
	(179,'critically analyse the empirical nature of software engineering research and the application of empirical methods in software engineering research'),
	(180,'critically appraise advanced concepts of software engineering when applied in practice to software products and processes'),
	(181,'outline and critique software and hardware tools in developing business intelligence strategies'),
	(182,'apply and critically evaluate the effectiveness of Business Intelligence in supporting decision-making'),
	(183,'critically review models of project planning in terms of sophisticated notions of uncertainty, complexity, risk; and chaos'),
	(184,'evaluate the contributory factors to project success and failure'),
	(185,'recognise the ethical and cultural aspects of computer games'),
	(186,'describe aspects of the games development industry and the development cycle for games'),
	(187,'express a game design using a standard design technique'),
	(188,'present an interactive game artefact using appropriate techniques'),
	(189,'recognise basic mathematical principles relating to computer games development'),
	(190,'work effectively as a member of a team'),
	(191,'apply theoretical principles to the design of a prototype game'),
	(192,'examine the architecture, design and underlying patterns of a game'),
	(193,'design and implement a game level using appropriate tools'),
	(194,'construct a portfolio of design documentation to illustrate a game design;'),
	(195,'locate and reference relevant information'),
	(196,'] apply appropriate mathematical/algorithmic techniques for 2D and 3D graphics'),
	(197,'design and develop interactive 3D graphics software using appropriate programming techniques and standard graphics library'),
	(198,'implement efficient algorithms for computer games programming'),
	(199,'design and develop games software using appropriate games and graphics programming techniques and standard graphics libraries'),
	(200,'communicate rational and reasoned arguments in writing'),
	(201,'employ effective group management skills'),
	(202,'utilise effective and appropriate support tools'),
	(203,'present work in both written and verbal forms'),
	(204,'analyse and characterise the nature of a problem'),
	(205,'design and specify a games computing artefact'),
	(206,'implement testing or quality attributes to a development artefact or process'),
	(207,'investigate the architecture and functionality of different game engines'),
	(208,'develop and critically evaluate game engine functionality for an existing game engine'),
	(209,'design and evaluate game engine components'),
	(210,'implement and evaluate game engine components'),
	(211,'demonstrate: familiarity with the past and present cultural and economic environments in which graphic media have been designed, produced and consumed.'),
	(212,'understand: basic models and practices of evaluation, interpretation and explanation in their understanding of graphic design and visual communication practice'),
	(213,'conduct: a focused and structured research investigation, drawing on a range of research sources and communicate the results using methodical analysis, coherent arguments and appropriate presentation techniques in oral and written forms'),
	(214,'handle and apply: basic elements of theory from related contextualising disciplines to understand meanings, representation, consumption and use in relation to cultural products and to place communication practices within wider social, economic and histo'),
	(215,'demonstrate a broad range of methods for information gathering, research, analysis and synthesis appropriate to visual practice.'),
	(216,'provide evidence of an extended visual vocabulary and creative speculation via the application of the principles and practices of visual communication along with the development of creative design solutions through a range of print, screen, lens and spa'),
	(217,'utilise suitable software applications along with studio, workshop based skills and techniques to demonstrate understanding of contemporary graphic design practices'),
	(218,'address ideas and realise solutions that explore the themes and practices of narrative, time, movement, the still and moving image.'),
	(219,'demonstrate appropriate conduct along with health and safety requirements within studios, workshops and computer labs'),
	(220,'provide evidence of research, analytical and lateral thinking skills, investigation, critical judgement implemented within ideas generation and problem-solving.'),
	(221,'demonstrate a developing understanding of the basic design principles and of the visual communication design process through the imaginative use of digital media and studio techniques associated with graphic design practice'),
	(222,'generate and progress a broad range of ideas and creative design solutions which are aesthetically and functionally appropriate to content and audience'),
	(223,'demonstrate an understanding of the basic principles graphic design such as; task management, typography, image, structure, form and their creative application in graphic design projects'),
	(224,'demonstrate an ability to collaborate with colleagues through team based work and undertake self/peer review and evaluation'),
	(225,'the effective use of appropriate research, analysis and synthesis methodologies in order to originate a broad range of ideas and creative solutions appropriate to client, content and audience'),
	(226,'the effective use of suitable software applications along with studio or workshop based skills and techniques to facilitate the development of contemporary graphic design knowledge and practice'),
	(227,'an increasing competence in working collaboratively as part of a team and the ability to present design proposals as if to a client'),
	(228,'an awareness of the broader social responsibilities of the designer and the ethical constraints of the client designer relationship and the wider community'),
	(229,'the extension of their professional development and a growing understanding of the graphic design profession via a range of assignments'),
	(230,'challenge received opinion and  develop their own criteria and judgement in the evaluation of theoretical texts in visual communication, design history and theory, and related disciplines.'),
	(231,'demonstrate an enhanced level of understanding of and readiness to apply the themes of study followed in the level two programme in cultural and design theory to both the analysis and practice of design.'),
	(232,'effectively communicate information, arguments and analysis in oral and written forms with appropriate academic frameworks and conventions '),
	(233,'demonstrate the research and planning skills needed  to locate a research issue or question and construct a viable independent research project on an issue related to design history and theory'),
	(234,'the use of extensive and sophisticated research, analysis and synthesis methodologies in order to originate ideas and solutions'),
	(235,'familiarity with the principles and practices of visual communication and further development of their visual vocabulary at an intermediate - and throughout the module - progressing to an advanced level via a range of print, screen, lens and spatial me'),
	(236,'a high level of competence in the use of suitable software applications along with studio or workshop based skills and techniques to facilitate the development of contemporary graphic design knowledge and practice '),
	(237,'that they have used the varied learning opportunities presented, undertaken extensive creative speculation and utilised effectively self-directed study in the progression of practical coursework and the development of resourcefulness and entrepreneurial'),
	(238,'the wide-ranging use of in-depth research, analysis and synthesis methodologies in order to originate innovative ideas and sophisticated graphic design solutions which successfully communicate to client, content and audience.'),
	(239,'the ability to execute sophisticated design solutions for complex visual communication problems that demonstrate high levels of creativity, critical judgement, excellent technical skills and consideration of production processes.'),
	(240,'the ability to prepare and exhibit or disseminate a substantial body of practical project work and support materials connected to the projects which demonstrate successful management of the study programme. '),
	(241,'a level of a professionalism, appropriate conduct and ability to articulate about their work at a level befitting a professional designer, demonstrating, initiative, autonomy, self motivation and effective time management.'),
	(242,'that they have worked independently to select, plan and organise appropriate topics for investigation based on preliminary understanding of a general area or methodology'),
	(243,'that they have carried out and presented in-depth research and analysis using an appropriate range and level of primary and secondary sources, synthesising ideas from a range of contexts'),
	(244,'that they are able to formulate a sustained and critical argument that demonstrates a high level of insight and understanding and that communicates ideas in a clear and coherent manner'),
	(245,'that they are capable of submitting a dissertation that meets the University requirements for such textual matter and adheres to accepted conventions vis--vis methods of presentation and the proper use of citation '),
	(246,'the appropriate use of research, analysis and synthesis methodologies to originate sophisticated ideas and solutions through the exploration of a range of traditional techniques, cross-disciplinary activities and a wide range of prevailing software appl'),
	(247,'that they have identified and undertaken challenging visual communication problems that display extensive  speculation, investigation and innovation along with resourcefulness and entrepreneurial skills relating to the their personal aspirations within '),
	(248,'that they are able to prepare,  exhibit, or disseminate a substantial range of design proposals and solutions which successfully communicate in a manner that is appropriate to both content and audience whilst also displaying good technical skills, effec'),
	(249,'high levels of initiative and self motivation in compiling and completing a personal and appropriate course of study which shows an overall consolidation and extension of knowledge and skills.\r\r');

/*!40000 ALTER TABLE `05_learningOutcomes` ENABLE KEYS */;
UNLOCK TABLES;


# Dump of table 06_moduleLearningOutcomes
# ------------------------------------------------------------

DROP TABLE IF EXISTS `06_moduleLearningOutcomes`;

CREATE TABLE `06_moduleLearningOutcomes` (
  `moduleCode` varchar(10) NOT NULL DEFAULT '',
  `outcomeID` int(10) NOT NULL DEFAULT '0',
  PRIMARY KEY (`moduleCode`,`outcomeID`)
) ENGINE=InnoDB DEFAULT CHARSET=latin1;

LOCK TABLES `06_moduleLearningOutcomes` WRITE;
/*!40000 ALTER TABLE `06_moduleLearningOutcomes` DISABLE KEYS */;

INSERT INTO `06_moduleLearningOutcomes` (`moduleCode`, `outcomeID`)
VALUES
	('AGR1009M',76),
	('AGR1009M',77),
	('AGR1009M',78),
	('AGR1009M',79),
	('AGR1009M',80),
	('AGR1010M',89),
	('AGR1010M',90),
	('AGR1010M',91),
	('AGR1010M',92),
	('AGR1011M',93),
	('AGR1011M',94),
	('AGR1011M',95),
	('AGR1011M',96),
	('AGR2004M',97),
	('AGR2004M',98),
	('AGR2004M',99),
	('AGR2004M',100),
	('AGR2018M',101),
	('AGR2018M',102),
	('AGR2018M',103),
	('AGR2018M',104),
	('AGR2019M',105),
	('AGR2019M',106),
	('AGR2019M',107),
	('AGR2019M',108),
	('AGR2020M',110),
	('AGR2020M',111),
	('AGR2020M',112),
	('AGR2021M',113),
	('AGR2021M',114),
	('AGR2021M',115),
	('AGR2021M',116),
	('AGR2022M',117),
	('AGR2022M',118),
	('AGR2022M',119),
	('AGR2022M',120),
	('AGR2023M',121),
	('AGR2023M',122),
	('AGR2023M',123),
	('AGR2023M',124),
	('AGR2025M',125),
	('AGR2025M',126),
	('AGR2025M',127),
	('AGR2026M',128),
	('AGR2026M',129),
	('AGR2026M',130),
	('AGR2026M',131),
	('AGR202M',109),
	('AGR3009M',132),
	('AGR3009M',133),
	('AGR3009M',134),
	('AGR3009M',135),
	('AGR3009M',136),
	('AGR3009M',137),
	('AGR3010M',138),
	('AGR3010M',139),
	('AGR3010M',140),
	('AGR3010M',141),
	('AGR3011M',142),
	('AGR3011M',143),
	('AGR3011M',144),
	('AGR3011M',145),
	('AGR3012M',146),
	('AGR3012M',147),
	('AGR3012M',148),
	('AGR3012M',149),
	('AGR3013M',150),
	('AGR3013M',151),
	('AGR3013M',152),
	('CGP1001M',185),
	('CGP1001M',186),
	('CGP1001M',187),
	('CGP1001M',188),
	('CGP1001M',189),
	('CGP1001M',190),
	('CGP2001M',191),
	('CGP2001M',192),
	('CGP2001M',193),
	('CGP2001M',194),
	('CGP2001M',195),
	('CGP2004M',196),
	('CGP2004M',197),
	('CGP2004M',198),
	('CGP2004M',199),
	('CGP2004M',200),
	('CGP2005M',201),
	('CGP2005M',202),
	('CGP2005M',203),
	('CGP2005M',204),
	('CGP2005M',205),
	('CGP2005M',206),
	('CGP3001M',207),
	('CGP3001M',208),
	('CGP3001M',209),
	('CGP3001M',210),
	('CMP1001M',13),
	('CMP1001M',14),
	('CMP1001M',15),
	('CMP1001M',16),
	('CMP1001M',17),
	('CMP1003M',11),
	('CMP1003M',12),
	('CMP1005M',22),
	('CMP1005M',23),
	('CMP1005M',24),
	('CMP1007M',153),
	('CMP1007M',154),
	('CMP1007M',155),
	('CMP1008M',156),
	('CMP1008M',157),
	('CMP1008M',158),
	('CMP1009M',9),
	('CMP1009M',10),
	('CMP1032M',18),
	('CMP1032M',19),
	('CMP1032M',20),
	('CMP1032M',21),
	('CMP1035M',1),
	('CMP1035M',2),
	('CMP1035M',3),
	('CMP1035M',4),
	('CMP1036M',5),
	('CMP1036M',6),
	('CMP1036M',7),
	('CMP1036M',8),
	('CMP1037M',159),
	('CMP1037M',160),
	('CMP2007M',44),
	('CMP2007M',45),
	('CMP2007M',46),
	('CMP2017M',161),
	('CMP2017M',162),
	('CMP2018M',163),
	('CMP2018M',164),
	('CMP2018M',165),
	('CMP2018M',166),
	('CMP2019M',35),
	('CMP2019M',36),
	('CMP2019M',37),
	('CMP2019M',38),
	('CMP2020M',39),
	('CMP2020M',40),
	('CMP2020M',41),
	('CMP2060M',42),
	('CMP2060M',43),
	('CMP2061M',167),
	('CMP2061M',168),
	('CMP2061M',169),
	('CMP2061M',170),
	('CMP2061M',171),
	('CMP2061M',172),
	('CMP2061M',173),
	('CMP2062M',31),
	('CMP2062M',32),
	('CMP2062M',33),
	('CMP2062M',34),
	('CMP2066M',25),
	('CMP2066M',26),
	('CMP2066M',27),
	('CMP2066M',28),
	('CMP2066M',29),
	('CMP2066M',30),
	('CMP3019M',174),
	('CMP3019M',175),
	('CMP3019M',176),
	('CMP3019M',177),
	('CMP3022M',178),
	('CMP3022M',179),
	('CMP3022M',180),
	('CMP3059M',54),
	('CMP3059M',55),
	('CMP3059M',56),
	('CMP3060M',50),
	('CMP3060M',51),
	('CMP3060M',52),
	('CMP3060M',53),
	('CMP3333M',61),
	('CMP3333M',62),
	('CMP3333M',63),
	('CMP3333M',64),
	('CMP3637M',47),
	('CMP3637M',48),
	('CMP3637M',49),
	('CMP3639M',181),
	('CMP3639M',182),
	('CMP3639M',183),
	('CMP3639M',184),
	('CMP3641M',57),
	('CMP3641M',58),
	('CMP3641M',59),
	('CMP3641M',60),
	('FDS1104M',65),
	('FDS1104M',66),
	('FDS1104M',67),
	('FDS1104M',68),
	('FDS1105M',69),
	('FDS1105M',70),
	('FDS1105M',71),
	('FDS1106M',72),
	('FDS1106M',73),
	('FDS1106M',74),
	('FDS1106M',75),
	('FDS1107M',81),
	('FDS1107M',82),
	('FDS1107M',83),
	('FDS1107M',84),
	('FDS1108M',85),
	('FDS1108M',86),
	('FDS1108M',87),
	('FDS1108M',88),
	('GRA1009M',211),
	('GRA1009M',212),
	('GRA1009M',213),
	('GRA1009M',214),
	('GRA1010M',215),
	('GRA1010M',216),
	('GRA1010M',217),
	('GRA1010M',218),
	('GRA1010M',219),
	('GRA1151M',220),
	('GRA1151M',221),
	('GRA1151M',222),
	('GRA1151M',223),
	('GRA1151M',224),
	('GRA2009M',225),
	('GRA2009M',226),
	('GRA2009M',227),
	('GRA2009M',228),
	('GRA2009M',229),
	('GRA2010M',230),
	('GRA2010M',231),
	('GRA2010M',232),
	('GRA2010M',233),
	('GRA2011M',234),
	('GRA2011M',235),
	('GRA2011M',236),
	('GRA2011M',237),
	('GRA3007M',238),
	('GRA3007M',239),
	('GRA3007M',240),
	('GRA3007M',241),
	('GRA3008M',242),
	('GRA3008M',243),
	('GRA3008M',244),
	('GRA3008M',245),
	('GRA3009M',246),
	('GRA3009M',247),
	('GRA3009M',248),
	('GRA3009M',249);

/*!40000 ALTER TABLE `06_moduleLearningOutcomes` ENABLE KEYS */;
UNLOCK TABLES;


# Dump of table 07_assessments
# ------------------------------------------------------------

DROP TABLE IF EXISTS `07_assessments`;

CREATE TABLE `07_assessments` (
  `assessmentID` int(11) unsigned NOT NULL AUTO_INCREMENT,
  `assessmentMethod` varchar(255) DEFAULT NULL,
  `weighting` decimal(5,2) DEFAULT NULL,
  `finalAssessment` tinyint(1) DEFAULT NULL,
  `submissionDate` date DEFAULT NULL,
  PRIMARY KEY (`assessmentID`)
) ENGINE=InnoDB DEFAULT CHARSET=latin1;

LOCK TABLES `07_assessments` WRITE;
/*!40000 ALTER TABLE `07_assessments` DISABLE KEYS */;

INSERT INTO `07_assessments` (`assessmentID`, `assessmentMethod`, `weighting`, `finalAssessment`, `submissionDate`)
VALUES
	(1,'Assignment',100.00,1,'2012-12-19'),
	(2,'Coursework',30.00,0,'2012-11-05'),
	(3,'Examiniation',70.00,1,'2012-12-18'),
	(4,'Assignment',100.00,1,'2013-01-06'),
	(5,'Technical Reports',50.00,0,'2012-11-11'),
	(6,'In-Class Test',50.00,1,'2013-01-15'),
	(7,'Assignment',30.00,0,'2012-12-18'),
	(8,'Assignment',20.00,0,'2013-02-19'),
	(9,'Assignment',50.00,1,'2013-05-20'),
	(10,'Presentation',75.00,0,'2012-11-15'),
	(11,'Assignment',25.00,1,'2013-01-12'),
	(12,'In-Class Test',40.00,0,'2013-05-16'),
	(13,'Examination',60.00,1,'2013-05-05'),
	(14,'Assignment',30.00,0,'2012-11-09'),
	(15,'Assignment/Presentation',30.00,0,'2013-02-25'),
	(16,'Assignment',40.00,1,'2013-05-04'),
	(17,'Assignment',50.00,0,'2013-01-18'),
	(18,'Assignment',50.00,1,'2013-05-21'),
	(19,'Assignment',50.00,0,'2012-10-30'),
	(20,'Assignment',50.00,1,'2013-01-25'),
	(21,'Assignment',50.00,0,'2013-03-25'),
	(22,'Examination',50.00,1,'2013-05-25'),
	(23,'Assignment',100.00,1,'2013-01-10'),
	(24,'In-Class Test',30.00,0,'2013-03-20'),
	(25,'Examination',70.00,1,'2013-06-05'),
	(26,'Assignment',100.00,1,'2012-11-15'),
	(27,'Assignment',100.00,1,'2013-05-28'),
	(28,'Assignment',100.00,1,'2013-01-15'),
	(29,'Assignment',30.00,0,'2012-12-15'),
	(30,'Assignment',30.00,0,'2013-02-24'),
	(31,'Examination',40.00,1,'2013-05-12'),
	(32,'Assignment',50.00,0,'2013-01-10'),
	(33,'Assignment',50.00,1,'2013-05-10'),
	(34,'Written Report',30.00,0,'2012-11-16'),
	(35,'Individual Project',70.00,1,'2013-01-15'),
	(36,'Written Report',25.00,0,'2012-10-15'),
	(37,'Written Report',25.00,0,'2012-12-15'),
	(38,'Presentation',50.00,1,'2013-01-20'),
	(39,'Assignment',20.00,0,'2012-10-10'),
	(40,'Assignment',30.00,0,'2012-12-15'),
	(41,'Examination',50.00,1,'2013-01-20'),
	(42,'Assignment',20.00,0,'2012-10-15'),
	(43,'Report',20.00,0,'2012-12-18'),
	(44,'Phase Test',60.00,1,'2013-01-15'),
	(45,'Written Assignment',50.00,0,'2013-03-15'),
	(46,'Written Assignment',50.00,1,'2013-05-30'),
	(47,'Written Report',60.00,0,'2013-03-12'),
	(48,'Case Study',40.00,1,'2013-05-28'),
	(49,'Practical Report',40.00,0,'2013-03-01'),
	(50,'Examination',60.00,1,'2013-05-31'),
	(51,'Practical Assessment',20.00,0,'2013-02-28'),
	(52,'Herbarium',40.00,0,'2013-04-05'),
	(53,'Examination',40.00,1,'2013-05-23'),
	(54,'Assignment',50.00,0,'2013-03-27'),
	(55,'Assignment',50.00,1,'2013-05-05'),
	(56,'Assignment',20.00,0,'2013-02-10'),
	(57,'Assignment',20.00,0,'2013-03-28'),
	(58,'Examination',60.00,1,'2013-05-30'),
	(59,'Assignment',40.00,0,'2013-03-21'),
	(60,'Examination',60.00,1,'2013-05-27'),
	(61,'Assignment',40.00,0,'2013-04-01'),
	(62,'Examination',60.00,1,'2013-05-27'),
	(63,'Assignment',40.00,0,'2013-03-25'),
	(64,'Examination',60.00,1,'2013-05-21'),
	(65,'Assignment',20.00,0,'2013-02-23'),
	(66,'Assignment',20.00,0,'2013-03-30'),
	(67,'Examination',60.00,1,'2013-05-10'),
	(68,'Assignment',20.00,0,'2013-02-27'),
	(69,'Assignment',20.00,0,'2013-03-18'),
	(70,'Examination',60.00,1,'2013-05-10'),
	(71,'Product Specification',20.00,0,'2013-02-25'),
	(72,'Practical Report',30.00,0,'2013-03-28'),
	(73,'Assignment',50.00,1,'2013-05-20'),
	(74,'Assignment',25.00,0,'2013-02-20'),
	(75,'Case Study',25.00,0,'2013-04-05'),
	(76,'Case Study',50.00,1,'2013-05-28'),
	(77,'Short Presentation',5.00,0,'2012-11-19'),
	(78,'Thesis',80.00,0,'2013-04-10'),
	(79,'Presentation and Defence of Thesis',15.00,1,'2013-05-20'),
	(80,'Individual Project',40.00,0,'2012-12-05'),
	(81,'Presentation',20.00,0,'2012-12-15'),
	(82,'Examination',40.00,1,'2013-01-12'),
	(83,'Project',60.00,0,'2013-04-10'),
	(84,'Presentation',40.00,1,'2013-05-26'),
	(85,'Assignment',20.00,0,'2012-11-30'),
	(86,'Assignment',20.00,0,'2013-01-25'),
	(87,'Assignment',20.00,0,'2013-03-05'),
	(88,'Examination',40.00,1,'2013-05-15'),
	(89,'Individual Project',40.00,0,'2013-02-25'),
	(90,'Presentation',20.00,0,'2013-03-05'),
	(91,'Examination',40.00,1,'2013-05-20'),
	(92,'Assignment',100.00,1,'2013-01-15'),
	(93,'Assignment',100.00,1,'2013-05-20'),
	(94,'Assignment',100.00,1,'2013-05-20'),
	(95,'Assignment',50.00,0,'2013-01-09'),
	(96,'Assignment',50.00,1,'2013-05-10'),
	(97,'Assignment',100.00,1,'2013-05-12'),
	(98,'Assignment',30.00,0,'2012-11-12'),
	(99,'Assignment',30.00,0,'2013-03-30'),
	(100,'Assignment',40.00,1,'2013-05-10'),
	(101,'Assignment',25.00,0,'2013-01-10'),
	(102,'Assignment',75.00,1,'2013-05-12'),
	(103,'Assignment',15.00,0,'2012-12-10'),
	(104,'Assignment',35.00,0,'2013-02-24'),
	(105,'Examination',50.00,1,'2013-06-04'),
	(106,'Assignment',50.00,0,'2013-01-30'),
	(107,'Assignment',50.00,1,'2013-05-10'),
	(108,'Assignment',50.00,0,'2013-01-23'),
	(109,'Examination',50.00,1,'2013-05-20'),
	(110,'Assignment',20.00,0,'2013-12-10'),
	(111,'Poster Presentation',50.00,0,'2013-02-20'),
	(112,'Examination',30.00,1,'2013-05-15'),
	(113,'Assignment',30.00,0,'2012-12-15'),
	(114,'Assignment',40.00,0,'2013-02-10'),
	(115,'Examination',30.00,1,'2013-05-20'),
	(116,'Assignment',30.00,0,'2012-12-02'),
	(117,'Assignment / Presentation',30.00,0,'2013-02-25'),
	(118,'Assignment',40.00,1,'2013-04-28'),
	(119,'Assignment',50.00,0,'2013-01-20'),
	(120,'Assignment',50.00,1,'2013-04-25'),
	(121,'Assignment',100.00,1,'2013-04-26');

/*!40000 ALTER TABLE `07_assessments` ENABLE KEYS */;
UNLOCK TABLES;


# Dump of table 08_assessmentOutcomes
# ------------------------------------------------------------

DROP TABLE IF EXISTS `08_assessmentOutcomes`;

CREATE TABLE `08_assessmentOutcomes` (
  `assessmentID` int(11) unsigned NOT NULL,
  `outcomeID` int(11) NOT NULL DEFAULT '0',
  PRIMARY KEY (`assessmentID`,`outcomeID`)
) ENGINE=InnoDB DEFAULT CHARSET=latin1;

LOCK TABLES `08_assessmentOutcomes` WRITE;
/*!40000 ALTER TABLE `08_assessmentOutcomes` DISABLE KEYS */;

INSERT INTO `08_assessmentOutcomes` (`assessmentID`, `outcomeID`)
VALUES
	(0,0),
	(1,1),
	(1,2),
	(1,3),
	(1,4),
	(2,5),
	(3,6),
	(3,7),
	(3,8),
	(4,9),
	(4,10),
	(5,11),
	(6,12),
	(7,13),
	(8,14),
	(9,15),
	(9,16),
	(9,17),
	(10,18),
	(10,19),
	(10,21),
	(11,18),
	(11,20),
	(12,22),
	(13,23),
	(13,24),
	(14,25),
	(14,26),
	(15,27),
	(15,28),
	(16,27),
	(16,28),
	(16,29),
	(16,30),
	(17,31),
	(17,32),
	(18,33),
	(18,34),
	(19,35),
	(19,36),
	(20,37),
	(20,38),
	(21,39),
	(21,40),
	(22,40),
	(22,41),
	(23,42),
	(23,43),
	(24,44),
	(25,45),
	(25,46),
	(26,47),
	(26,48),
	(26,49),
	(27,50),
	(27,51),
	(27,52),
	(27,53),
	(28,54),
	(28,55),
	(28,56),
	(29,57),
	(29,58),
	(30,58),
	(30,59),
	(31,58),
	(31,59),
	(31,60),
	(32,61),
	(32,62),
	(33,63),
	(33,64),
	(34,65),
	(34,66),
	(35,67),
	(35,68),
	(36,69),
	(37,70),
	(38,71),
	(39,74),
	(40,73),
	(41,72),
	(41,73),
	(41,75),
	(42,80),
	(43,78),
	(43,79),
	(44,76),
	(44,77),
	(45,81),
	(45,82),
	(46,83),
	(46,84),
	(47,85),
	(47,86),
	(48,87),
	(48,88),
	(49,91),
	(50,89),
	(50,91),
	(50,92),
	(51,93),
	(51,94),
	(52,94),
	(53,95),
	(53,96),
	(54,97),
	(54,100),
	(55,98),
	(55,99),
	(56,103),
	(57,104),
	(58,101),
	(58,102),
	(59,108),
	(60,105),
	(60,106),
	(60,107),
	(61,112),
	(62,109),
	(62,110),
	(62,111),
	(63,116),
	(64,113),
	(64,114),
	(64,115),
	(65,119),
	(66,120),
	(67,117),
	(67,118),
	(68,123),
	(69,124),
	(70,121),
	(70,122),
	(71,126),
	(72,127),
	(73,125),
	(74,128),
	(75,129),
	(76,130),
	(76,131),
	(77,133),
	(77,135),
	(77,136),
	(78,132),
	(78,133),
	(78,134),
	(78,135),
	(78,136),
	(78,137),
	(79,132),
	(79,133),
	(79,134),
	(79,135),
	(79,136),
	(79,137),
	(80,138),
	(80,139),
	(80,140),
	(81,139),
	(81,140),
	(82,139),
	(82,140),
	(82,141),
	(83,142),
	(83,143),
	(83,144),
	(84,143),
	(84,144),
	(84,145),
	(85,147),
	(86,148),
	(87,149),
	(88,146),
	(88,147),
	(88,148),
	(88,149),
	(89,152),
	(90,152),
	(91,150),
	(91,151);

/*!40000 ALTER TABLE `08_assessmentOutcomes` ENABLE KEYS */;
UNLOCK TABLES;


# Dump of table 09_moduleAssessments
# ------------------------------------------------------------

DROP TABLE IF EXISTS `09_moduleAssessments`;

CREATE TABLE `09_moduleAssessments` (
  `moduleCode` varchar(10) NOT NULL DEFAULT '',
  `assessmentID` int(10) NOT NULL DEFAULT '0',
  PRIMARY KEY (`moduleCode`,`assessmentID`)
) ENGINE=InnoDB DEFAULT CHARSET=latin1;

LOCK TABLES `09_moduleAssessments` WRITE;
/*!40000 ALTER TABLE `09_moduleAssessments` DISABLE KEYS */;

INSERT INTO `09_moduleAssessments` (`moduleCode`, `assessmentID`)
VALUES
	('AGR1009M',42),
	('AGR1009M',43),
	('AGR1009M',44),
	('AGR1010M',49),
	('AGR1010M',50),
	('AGR1011M',51),
	('AGR1011M',52),
	('AGR1011M',53),
	('AGR2004M',54),
	('AGR2004M',55),
	('AGR2018M',56),
	('AGR2018M',57),
	('AGR2018M',58),
	('AGR2019M',59),
	('AGR2019M',60),
	('AGR2020M',61),
	('AGR2020M',62),
	('AGR2021M',63),
	('AGR2021M',64),
	('AGR2022M',65),
	('AGR2022M',66),
	('AGR2022M',67),
	('AGR2023M',68),
	('AGR2023M',69),
	('AGR2023M',70),
	('AGR2025M',71),
	('AGR2025M',72),
	('AGR2025M',73),
	('AGR2026M',74),
	('AGR2026M',75),
	('AGR2026M',76),
	('AGR3009M',77),
	('AGR3009M',78),
	('AGR3009M',79),
	('AGR3010M',80),
	('AGR3010M',81),
	('AGR3010M',82),
	('AGR3011M',83),
	('AGR3011M',84),
	('AGR3012M',85),
	('AGR3012M',86),
	('AGR3012M',87),
	('AGR3012M',88),
	('AGR3013M',89),
	('AGR3013M',90),
	('AGR3013M',91),
	('CGP1001M',108),
	('CGP1001M',109),
	('CGP2001M',110),
	('CGP2001M',111),
	('CGP2001M',112),
	('CGP2004M',113),
	('CGP2004M',114),
	('CGP2004M',115),
	('CGP2005M',116),
	('CGP2005M',117),
	('CGP2005M',118),
	('CGP3001M',119),
	('CGP3001M',120),
	('CMP1001M',7),
	('CMP1001M',8),
	('CMP1001M',9),
	('CMP1003M',5),
	('CMP1003M',6),
	('CMP1005M',12),
	('CMP1005M',13),
	('CMP1007M',92),
	('CMP1008M',93),
	('CMP1009M',4),
	('CMP1032M',10),
	('CMP1032M',11),
	('CMP1035M',1),
	('CMP1036M',2),
	('CMP1036M',3),
	('CMP1037M',94),
	('CMP2007M',24),
	('CMP2007M',25),
	('CMP2017M',95),
	('CMP2017M',96),
	('CMP2018M',97),
	('CMP2019M',19),
	('CMP2019M',20),
	('CMP2020M',21),
	('CMP2020M',22),
	('CMP2060M',23),
	('CMP2061M',98),
	('CMP2061M',99),
	('CMP2061M',100),
	('CMP2062M',17),
	('CMP2062M',18),
	('CMP2066M',14),
	('CMP2066M',15),
	('CMP2066M',16),
	('CMP3019M',101),
	('CMP3019M',102),
	('CMP3022',103),
	('CMP3022M',104),
	('CMP3022M',105),
	('CMP3059M',28),
	('CMP3060M',27),
	('CMP3333M',32),
	('CMP3333M',33),
	('CMP3637M',26),
	('CMP3639M',106),
	('CMP3639M',107),
	('CMP3641M',29),
	('CMP3641M',30),
	('CMP3641M',31),
	('FDS1104M',34),
	('FDS1104M',35),
	('FDS1105M',36),
	('FDS1105M',37),
	('FDS1105M',38),
	('FDS1106M',39),
	('FDS1106M',40),
	('FDS1106M',41),
	('FDS1107M',45),
	('FDS1107M',46),
	('FDS1108M',47),
	('FDS1108M',48),
	('GRA1009M',121),
	('GRA1010M',121),
	('GRA1151M',121),
	('GRA2009M',121),
	('GRA2010M',121),
	('GRA2011M',121),
	('GRA3007M',121),
	('GRA3008M',121),
	('GRA3009M',121);

/*!40000 ALTER TABLE `09_moduleAssessments` ENABLE KEYS */;
UNLOCK TABLES;


# Dump of table 10_contact
# ------------------------------------------------------------

DROP TABLE IF EXISTS `10_contact`;

CREATE TABLE `10_contact` (
  `contactID` int(11) unsigned NOT NULL AUTO_INCREMENT,
  `hours` int(2) DEFAULT NULL,
  `type` varchar(50) DEFAULT NULL,
  PRIMARY KEY (`contactID`)
) ENGINE=InnoDB DEFAULT CHARSET=latin1;

LOCK TABLES `10_contact` WRITE;
/*!40000 ALTER TABLE `10_contact` DISABLE KEYS */;

INSERT INTO `10_contact` (`contactID`, `hours`, `type`)
VALUES
	(1,2,'Lecture'),
	(2,2,'Lecture'),
	(3,1,'Workshop'),
	(4,2,'Lecture'),
	(5,2,'Lecture'),
	(6,1,'Workshop'),
	(7,2,'Lecture'),
	(8,2,'Workshop'),
	(9,2,'Lecture'),
	(10,2,'Lecture'),
	(11,1,'Workshop'),
	(12,1,'Lecture'),
	(13,1,'Group Meeting'),
	(14,2,'Lecture'),
	(15,2,'Workshop'),
	(16,1,'Lecture'),
	(17,1,'Workshop'),
	(18,1,'Seminar'),
	(19,2,'Lecture'),
	(20,1,'Workshop'),
	(21,1,'Lecture'),
	(22,2,'Lecture'),
	(23,1,'Seminar'),
	(24,2,'Lecture'),
	(25,1,'Seminar'),
	(26,2,'Lecture'),
	(27,0,'Student-Managed Meetings'),
	(28,1,'Lecture'),
	(29,2,'Lecture'),
	(30,2,'Workshop'),
	(31,2,'Lecture'),
	(32,2,'Workshop'),
	(33,2,'Lecture'),
	(34,1,'Seminar'),
	(35,2,'Lecture'),
	(36,1,'Seminar'),
	(37,2,'Lecture'),
	(38,2,'Seminar'),
	(39,2,'Lecture'),
	(40,2,'Seminar'),
	(41,2,'Lecture'),
	(42,2,'Seminar'),
	(43,2,'Lecture'),
	(44,1,'Tutorial'),
	(45,2,'Lecture'),
	(46,2,'Seminar'),
	(47,2,'Lecture'),
	(48,1,'Seminar'),
	(49,2,'Lecture'),
	(50,2,'Seminar'),
	(51,2,'Lecture'),
	(52,2,'Seminar'),
	(53,2,'Lecture'),
	(54,1,'Seminar'),
	(55,2,'Lecture'),
	(56,2,'Tutorial'),
	(57,2,'Lecture'),
	(58,1,'Seminar'),
	(59,1,'Tutorial'),
	(60,2,'Lecture'),
	(61,2,'Workshop'),
	(62,2,'Lecture'),
	(63,1,'Seminar'),
	(64,1,'Tutorial'),
	(65,2,'Lecture'),
	(66,2,'Lecture'),
	(67,2,'Workshop'),
	(68,1,'Lecture'),
	(69,0,'Student-Managed Meetings'),
	(70,2,'Lecture'),
	(71,1,'Seminar'),
	(72,2,'Lecture'),
	(73,1,'Workshop'),
	(74,1,'Seminar'),
	(75,2,'Lecture'),
	(76,2,'Workshop'),
	(77,2,'Lecture'),
	(78,1,'Workshop'),
	(79,1,'Seminar'),
	(80,2,'Lecture'),
	(81,2,'Lecture'),
	(82,2,'Lecture'),
	(83,1,'Workshop'),
	(84,2,'Lecture'),
	(85,2,'Lecture'),
	(86,1,'Workshop'),
	(87,1,'Lecture'),
	(88,2,'Lecture'),
	(89,2,'Lecture'),
	(90,2,'Lecture'),
	(91,2,'Lecture'),
	(92,2,'Workshop'),
	(93,2,'Lecture'),
	(94,2,'Workshop'),
	(95,2,'Lecture'),
	(96,2,'Workshop'),
	(97,1,'Lecture'),
	(98,2,'Lecture'),
	(99,2,'Workshop'),
	(100,2,'Lecture'),
	(101,2,'Workshop');

/*!40000 ALTER TABLE `10_contact` ENABLE KEYS */;
UNLOCK TABLES;


# Dump of table 11_moduleContact
# ------------------------------------------------------------

DROP TABLE IF EXISTS `11_moduleContact`;

CREATE TABLE `11_moduleContact` (
  `moduleCode` varchar(10) NOT NULL DEFAULT '',
  `contactID` int(11) NOT NULL DEFAULT '0',
  PRIMARY KEY (`moduleCode`,`contactID`)
) ENGINE=InnoDB DEFAULT CHARSET=latin1;

LOCK TABLES `11_moduleContact` WRITE;
/*!40000 ALTER TABLE `11_moduleContact` DISABLE KEYS */;

INSERT INTO `11_moduleContact` (`moduleCode`, `contactID`)
VALUES
	('AGR1009M',39),
	('AGR1009M',40),
	('AGR1010M',45),
	('AGR1010M',46),
	('AGR1011M',47),
	('AGR1011M',48),
	('AGR2004M',49),
	('AGR2004M',50),
	('AGR2018M',51),
	('AGR2018M',52),
	('AGR2019M',53),
	('AGR2019M',54),
	('AGR2020M',55),
	('AGR2020M',56),
	('AGR2021M',57),
	('AGR2021M',58),
	('AGR2021M',59),
	('AGR2022M',60),
	('AGR2022M',61),
	('AGR2023M',62),
	('AGR2023M',63),
	('AGR2023M',64),
	('AGR2025M',65),
	('AGR2026M',66),
	('AGR2026M',67),
	('AGR3009M',68),
	('AGR3009M',69),
	('AGR3010M',70),
	('AGR3010M',71),
	('AGR3011M',72),
	('AGR3011M',73),
	('AGR3011M',74),
	('AGR3012M',75),
	('AGR3012M',76),
	('AGR3013M',77),
	('AGR3013M',78),
	('AGR3013M',79),
	('CGP1001M',91),
	('CGP1001M',92),
	('CGP2001M',93),
	('CGP2001M',94),
	('CGP2004M',95),
	('CGP2004M',96),
	('CGP2005M',97),
	('CGP3001M',98),
	('CGP3001M',99),
	('CMP1001M',7),
	('CMP1001M',8),
	('CMP1003M',5),
	('CMP1003M',6),
	('CMP1005M',10),
	('CMP1005M',11),
	('CMP1007M',80),
	('CMP1008M',81),
	('CMP1009M',4),
	('CMP1032M',9),
	('CMP1035M',1),
	('CMP1036M',2),
	('CMP1036M',3),
	('CMP1037M',82),
	('CMP1037M',83),
	('CMP2007M',24),
	('CMP2007M',25),
	('CMP2017M',84),
	('CMP2018M',85),
	('CMP2018M',86),
	('CMP2019M',16),
	('CMP2019M',17),
	('CMP2019M',18),
	('CMP2020M',19),
	('CMP2020M',20),
	('CMP2020M',21),
	('CMP2060M',22),
	('CMP2060M',23),
	('CMP2061M',87),
	('CMP2062M',14),
	('CMP2062M',15),
	('CMP2066M',12),
	('CMP2066M',13),
	('CMP3019M',88),
	('CMP3022M',89),
	('CMP3059M',28),
	('CMP3060M',27),
	('CMP3333M',31),
	('CMP3333M',32),
	('CMP3637M',26),
	('CMP3639M',90),
	('CMP3641M',29),
	('CMP3641M',30),
	('FDS1104M',33),
	('FDS1104M',34),
	('FDS1105M',35),
	('FDS1105M',36),
	('FDS1106M',37),
	('FDS1106M',38),
	('FDS1107M',41),
	('FDS1107M',42),
	('FDS1108M',43),
	('FDS1108M',44),
	('GRA1009M',100),
	('GRA1009M',101),
	('GRA1010M',100),
	('GRA1010M',101),
	('GRA1151M',100),
	('GRA1151M',101),
	('GRA2009M',100),
	('GRA2009M',101),
	('GRA2010M',100),
	('GRA2010M',101),
	('GRA2011M',101),
	('GRA3007M',100),
	('GRA3007M',101),
	('GRA3008M',100),
	('GRA3008M',101);

/*!40000 ALTER TABLE `11_moduleContact` ENABLE KEYS */;
UNLOCK TABLES;


# Dump of table 12_jacsCodes
# ------------------------------------------------------------

DROP TABLE IF EXISTS `12_jacsCodes`;

CREATE TABLE `12_jacsCodes` (
  `moduleCode` varchar(10) NOT NULL DEFAULT '',
  `jacsCode` varchar(10) NOT NULL DEFAULT '',
  PRIMARY KEY (`moduleCode`,`jacsCode`)
) ENGINE=InnoDB DEFAULT CHARSET=latin1;

LOCK TABLES `12_jacsCodes` WRITE;
/*!40000 ALTER TABLE `12_jacsCodes` DISABLE KEYS */;

INSERT INTO `12_jacsCodes` (`moduleCode`, `jacsCode`)
VALUES
	('AGR1009M','D400'),
	('AGR1010M','D400'),
	('AGR1011M','D400'),
	('AGR2004M','D400'),
	('AGR2018M','D400'),
	('AGR2019M','D400'),
	('AGR2020M','D400'),
	('AGR2021M','D400'),
	('AGR2022M','D400'),
	('AGR2023M','D400'),
	('AGR2025M','D400'),
	('AGR2026M','D400'),
	('AGR3009M','D400'),
	('AGR3010M','D400'),
	('AGR3011M','D400'),
	('AGR3012M','D400'),
	('AGR3013M','D400'),
	('CGP1001M','G400'),
	('CGP2001M','G400'),
	('CGP2004M','G400'),
	('CGP2005M','G400'),
	('CGP3001M','G400'),
	('CMP1001M','G4'),
	('CMP1001M','G5'),
	('CMP1001M','G6'),
	('CMP1003M','G4'),
	('CMP1003M','G5'),
	('CMP1003M','G6'),
	('CMP1005M','G4'),
	('CMP1005M','G5'),
	('CMP1005M','G6'),
	('CMP1007M','G400'),
	('CMP1008M','G400'),
	('CMP1009M','G4'),
	('CMP1009M','G5'),
	('CMP1009M','G6'),
	('CMP1032M','G4'),
	('CMP1032M','G5'),
	('CMP1032M','G6'),
	('CMP1035M','G4'),
	('CMP1035M','G5'),
	('CMP1035M','G6'),
	('CMP1036M','G4'),
	('CMP1036M','G5'),
	('CMP1036M','G6'),
	('CMP1037M','G400'),
	('CMP2007M','G4'),
	('CMP2007M','G5'),
	('CMP2007M','G6'),
	('CMP2017M','G400'),
	('CMP2018M','G400'),
	('CMP2019M','G4'),
	('CMP2019M','G5'),
	('CMP2019M','G6'),
	('CMP2020M','G4'),
	('CMP2020M','G5'),
	('CMP2020M','G6'),
	('CMP2060M','G4'),
	('CMP2060M','G5'),
	('CMP2060M','G6'),
	('CMP2061M','G400'),
	('CMP2062M','G4'),
	('CMP2062M','G5'),
	('CMP2062M','G6'),
	('CMP2066M','G4'),
	('CMP2066M','G5'),
	('CMP2066M','G6'),
	('CMP3019M','G400'),
	('CMP3022M','G400'),
	('CMP3059M','G4'),
	('CMP3059M','G5'),
	('CMP3059M','G6'),
	('CMP3060M','G4'),
	('CMP3060M','G5'),
	('CMP3060M','G6'),
	('CMP3333M','G4'),
	('CMP3333M','G5'),
	('CMP3333M','G6'),
	('CMP3637M','G4'),
	('CMP3637M','G5'),
	('CMP3637M','G6'),
	('CMP3639M','G400'),
	('CMP3641M','G4'),
	('CMP3641M','G5'),
	('CMP3641M','G6'),
	('FDS1104M','D400'),
	('FDS1105M','D400'),
	('FDS1106M','D400'),
	('FDS1107M','D400'),
	('FDS1108M','D400'),
	('GRA1009M','W210'),
	('GRA1010M','W210'),
	('GRA1151M','W210'),
	('GRA2009M','W210'),
	('GRA2010M','W210'),
	('GRA2011M','W210'),
	('GRA3007M','W210'),
	('GRA3008M','W210'),
	('GRA3009M','W210');

/*!40000 ALTER TABLE `12_jacsCodes` ENABLE KEYS */;
UNLOCK TABLES;


# Dump of table 13_programmes
# ------------------------------------------------------------

DROP TABLE IF EXISTS `13_programmes`;

CREATE TABLE `13_programmes` (
  `moduleCode` varchar(10) NOT NULL DEFAULT '',
  `programme` varchar(255) NOT NULL DEFAULT '' COMMENT 'This will probably end up being a unique integer identifier, but is currently detailed as a textual description, so here it is.',
  PRIMARY KEY (`moduleCode`,`programme`)
) ENGINE=InnoDB DEFAULT CHARSET=latin1;

LOCK TABLES `13_programmes` WRITE;
/*!40000 ALTER TABLE `13_programmes` DISABLE KEYS */;

INSERT INTO `13_programmes` (`moduleCode`, `programme`)
VALUES
	('AGR100M','D490'),
	('AGR1010M','D490'),
	('AGR1011M','D490'),
	('AGR2004M','D490'),
	('AGR2018M','D490'),
	('AGR2019M','D490'),
	('AGR2020M','D490'),
	('AGR2021M','D490'),
	('AGR2022M','D490'),
	('AGR2023M','D490'),
	('AGR2025M','D490'),
	('AGR2026M','D490'),
	('AGR3009M','D490'),
	('AGR3010M','D490'),
	('AGR3011M','D490'),
	('AGR3012M','D490'),
	('AGR3013M','D490'),
	('CGP1001M','G401'),
	('CGP2001M','G401'),
	('CGP2004M','G401'),
	('CGP2005M','G401'),
	('CGP3001M','G401'),
	('CMP1001M','G401'),
	('CMP1001M','G403'),
	('CMP1001M','G500'),
	('CMP1003M','G401'),
	('CMP1003M','G403'),
	('CMP1003M','G500'),
	('CMP1005M','G401'),
	('CMP1005M','G403'),
	('CMP1007M','G500'),
	('CMP1008M','G500'),
	('CMP1009M','G403'),
	('CMP1009M','G500'),
	('CMP1032M','G403'),
	('CMP1032M','G500'),
	('CMP1035M','G401'),
	('CMP1035M','G403'),
	('CMP1036M','G401'),
	('CMP1036M','G403'),
	('CMP1037M','G500'),
	('CMP2007M','G403'),
	('CMP2007M','G500'),
	('CMP2017M','G500'),
	('CMP2018M','G500'),
	('CMP2019M','G403'),
	('CMP2019M','G500'),
	('CMP2020M','G403'),
	('CMP2060M','G403'),
	('CMP2060M','G500'),
	('CMP2061M','G500'),
	('CMP2062M','G401'),
	('CMP2062M','G403'),
	('CMP2066M','G403'),
	('CMP3019M','G500'),
	('CMP3022M','G401'),
	('CMP3022M','G500'),
	('CMP3059M','G401'),
	('CMP3059M','G403'),
	('CMP3059M','G500'),
	('CMP3060M','G401'),
	('CMP3060M','G403'),
	('CMP3060M','G500'),
	('CMP3333M','G401'),
	('CMP3333M','G403'),
	('CMP3333M','G500'),
	('CMP3637M','G401'),
	('CMP3637M','G403'),
	('CMP3637M','G500'),
	('CMP3641M','G401'),
	('CMP3641M','G403'),
	('CMP3641M','G500'),
	('CPM3639M','G500'),
	('FDS1007M','D490'),
	('FDS1104M','D490'),
	('FDS1105M','D490'),
	('FDS1106M','D490'),
	('FDS1107M','D490'),
	('FDS1108M','D490'),
	('GRA1009M','W290'),
	('GRA1010M','W290'),
	('GRA1151M','W290'),
	('GRA2009M','W290'),
	('GRA2010M','W290'),
	('GRA2011M','W290'),
	('GRA3007M','W290'),
	('GRA3008M','W290'),
	('GRA3009M','W290');

/*!40000 ALTER TABLE `13_programmes` ENABLE KEYS */;
UNLOCK TABLES;


# Dump of table 14_preReq
# ------------------------------------------------------------

DROP TABLE IF EXISTS `14_preReq`;

CREATE TABLE `14_preReq` (
  `moduleCode` varchar(10) NOT NULL DEFAULT '',
  `preRequisite` varchar(10) NOT NULL DEFAULT '',
  PRIMARY KEY (`moduleCode`,`preRequisite`)
) ENGINE=InnoDB DEFAULT CHARSET=latin1;

LOCK TABLES `14_preReq` WRITE;
/*!40000 ALTER TABLE `14_preReq` DISABLE KEYS */;

INSERT INTO `14_preReq` (`moduleCode`, `preRequisite`)
VALUES
	('AGR2018M','AGR1010M'),
	('AGR2024M','FDS1106M'),
	('AGR2026M','FDS1108M'),
	('AGR3012M','AGR2025M'),
	('AGR3012M','AGR2026M'),
	('AGR3013M','AGR2024M'),
	('AGR3013M','FDS1107M'),
	('CGP2001M','CGP1001M'),
	('CGP3001M','CGP2004M'),
	('CMP2020M','CMP1001M'),
	('CMP2062M','CMP1001M'),
	('CMP3022M','CMP2026M'),
	('CMP3060M','CMP3637M'),
	('CMP3641M','CMP1001M'),
	('GRA2009M','GRA1151M'),
	('GRA2010M','GRA1009M'),
	('GRA2011M','GRA1010M'),
	('GRA3007M','GRA2009M'),
	('GRA3008M','GRA2010M'),
	('GRA3009M','GRA2011M');

/*!40000 ALTER TABLE `14_preReq` ENABLE KEYS */;
UNLOCK TABLES;


# Dump of table 15_coReq
# ------------------------------------------------------------

DROP TABLE IF EXISTS `15_coReq`;

CREATE TABLE `15_coReq` (
  `moduleCode` varchar(10) NOT NULL DEFAULT '',
  `coRequisite` varchar(10) NOT NULL DEFAULT '',
  PRIMARY KEY (`moduleCode`,`coRequisite`)
) ENGINE=InnoDB DEFAULT CHARSET=latin1;

LOCK TABLES `15_coReq` WRITE;
/*!40000 ALTER TABLE `15_coReq` DISABLE KEYS */;

INSERT INTO `15_coReq` (`moduleCode`, `coRequisite`)
VALUES
	('FDS1104M','FDS1105M');

/*!40000 ALTER TABLE `15_coReq` ENABLE KEYS */;
UNLOCK TABLES;


# Dump of table 16_barredCombinations
# ------------------------------------------------------------

DROP TABLE IF EXISTS `16_barredCombinations`;

CREATE TABLE `16_barredCombinations` (
  `moduleCode1` varchar(10) NOT NULL DEFAULT '',
  `moduleCode2` varchar(10) NOT NULL DEFAULT '',
  PRIMARY KEY (`moduleCode1`,`moduleCode2`)
) ENGINE=InnoDB DEFAULT CHARSET=latin1;




/*!40111 SET SQL_NOTES=@OLD_SQL_NOTES */;
/*!40101 SET SQL_MODE=@OLD_SQL_MODE */;
/*!40014 SET FOREIGN_KEY_CHECKS=@OLD_FOREIGN_KEY_CHECKS */;
/*!40101 SET CHARACTER_SET_CLIENT=@OLD_CHARACTER_SET_CLIENT */;
/*!40101 SET CHARACTER_SET_RESULTS=@OLD_CHARACTER_SET_RESULTS */;
/*!40101 SET COLLATION_CONNECTION=@OLD_COLLATION_CONNECTION */;
